item_id,is_common,contractors,trade,detail_work,work_step,hazard,accident_type,measure,btms_frequency,btms_severity,btms_score,risk_grade,note,accident_case_flag,submission_status,selection_class,requires_review,source_file
RA-H10-BCE3156E1F,N,에이치디씨현대산업개발,공통 / 보건,공통,전공종,*(초)미세먼지 발생으로 인한 호흡기질환 및 혈관침투로 인하여 심혈관계 질환 발생,유해물질접촉,1. 미세먼지 농도 게시 및 교육 2. 미세먼지 전용 마스크 지급 (2급 방진마스크 또는 KF80 마스크) 3. 취약근로자 집중관리(혈압관리),3,4,12,중,,N,,현장반영후보,Y,최초위험성평가_운정아이파크포레스트 (1).xls
RA-H10-4685E09BD1,N,에이치디씨현대산업개발,공통 / 보건,공통,전공종,"*혹서기 외부 작업시 고열에 의한 열사병, 열경련 등 건강장해 발생",직업성 질병,"1. 근로자 휴게소 운영(생수통,에어컨,선풍기,식염정 배치) 2. 제빙기 운영 (피크 타임 고려해 500kg 4대 설치) 3. 500ml 생수, 캔 이온 음료 지급 4. 취약근로자 상담 (매일), 외부 작업 근로자 체온측정, 혈압관리 5. 식염정 지급, 배치 후 수시 확인 6. 폭염 특보 시 법정 휴식시간 이행 필수 ( 7. 두피 열 배출 및 안전모 미끄러짐 방지를 위해 안전모 내피 지급 8. 그 외 옥외작업자의 온열 질환을 예방할 수 있는 물품 지급(선풍기 조끼, 쿨토시, 쿨넥스카프, 파라솔 등) 9. 공구별 아이스맨 운용 (물, 이온음료, 식염, 제빙기 위생관리 등)",3,4,12,중,,N,,현장반영후보,Y,최초위험성평가_운정아이파크포레스트 (1).xls
RA-E30-B990DAAAFF,N,에이치디씨현대산업개발,공통 / 보건,전기,조적벽체 전기배관,*사출 작업시 우레탄 폼 사용을 인한 천식 및 폐렴 발생 위험,부딪힘,1. 물질 취급 전 MSDS 교육 시행 2. 물질 보관 장소 및 취급 장소에 MSDS 자료 게시 3. 물질 소분용기 경고표지 부착 4. 적합한 보호구(방진마스크 등) 착용 5. 물질별 기간에 맞게 특수건강진단 시행,3,4,12,중,,N,,현장반영후보,Y,최초위험성평가_운정아이파크포레스트 (1).xls
RA-E70-758E15A463,N,에이치디씨현대산업개발,공통 / 보건,전기,전기,*작업장의 조도가 현저히 낮고 조명시설이 불충분함 에 따라 시력저하 발생위험,직업성 질병,1. 가설전등 설치가 필요한 곳을 파악하여 통행 및 작업에 적정한 조도 확보 2. 휴식시간을 부여하여 눈에 피로감 최소화,2,3,6,하,,N,,현장반영후보,Y,최초위험성평가_운정아이파크포레스트 (1).xls
RA-E30-1FF36CD902,N,에이치디씨현대산업개발,공통 / 보건,전기,조적벽체 전기배관,*폼 크리너 사용으로 피부염 발생위험,부딪힘,1. 물질 취급 전 MSDS 교육 시행 2. 물질 보관 장소 및 취급 장소에 MSDS 자료 게시 3. 물질 소분용기 경고표지 부착 4. 적합한 보호구(방진마스크 등) 착용 5. 물질별 기간에 맞게 특수건강진단 시행,3,4,12,중,,N,,현장반영후보,Y,최초위험성평가_운정아이파크포레스트 (1).xls
RA-C20-469BCCF179,N,에이치디씨현대산업개발,공통 / 보건,전기,옥외 배관 작업,옥외 지중 배관 작업중 배관 위치 마킹 위해 락카스프레이 사용시 발생하는 미세한 입자(포그)와 유기용제를 보호구 없이 흡입하여 호흡기 질환이나 중추신경계 마비를 유발,질식,1. 물질 취급 전 MSDS 교육 시행 2. 물질 보관 장소 및 취급 장소에 MSDS 자료 게시 3. 물질 소분용기 경고표지 부착 4. 적합한 보호구(방진마스크 등) 착용 5. 물질별 기간에 맞게 특수건강진단 시행,3,4,12,중,,N,,현장반영후보,Y,최초위험성평가_운정아이파크포레스트 (1).xls
RA-H10-A7FB0EEA74,N,에이치디씨현대산업개발,보건,기타,기타,고령자 및 건강취약근로자 심뇌혈관 질환 발생 위험,질환,"1. MOS-TBM 시 건강상태 확인 2. 만 60세이상 근로자 고소작업, 중량물취급작업, 진동발생작업 금지 3. 날씨 및 작업강도에 따른 추가 휴식시간 부여 및 스트레칭 실시 4. 주기적 건강상담 및 혈압측정 5. 신규교육시 AED위치안내 및 심폐소생술 교육 실시 5. 상황발생시 신속히 119신고 및 응급처치 시행",1,4,4,하,,N,,현장반영후보,Y,신길5동 지역주택조합 신축현장 위험성평가(최초).xlsx
RA-E10-9F6D3A3A12,Y,중흥건설,전기공사,"가설전기 (전선, 충전부, 분전반)","가설전기 (전선, 충전부, 분전반)",건물의 인입구에 연결작업 중 충전부에 접촉되어 감전,감전;부딪힘,전기 작업 시 해당 전도 차단 후 작업 실시 ▶ 활선작업 시 절연용 보호구 지급 - 활선작업조치 실시,3,5,15,중,,N,,기본검토,N,standard_model_rev05\source\최초위험성평가 표준 모델(배포용)_rev04_원본보존.xlsx
RA-E10-26566CA6E0,Y,중흥건설,전기공사,"가설전기 (전선, 충전부, 분전반)","가설전기 (전선, 충전부, 분전반)",계단 난간에 거치된 이동전선 정리작업 하던 중 난간 아래 지하 바닥으로 추락,추락,"근로자 이동통로 내 장애물 제거 등 정리정돈 철저 ▶ 근로자의 개인보호구, 안전대 체결여부 점검 및 관리",3,4,12,중,,N,,기본검토,N,standard_model_rev05\source\최초위험성평가 표준 모델(배포용)_rev04_원본보존.xlsx
RA-M10-B5CE6AE4AC,Y,중흥건설,전기공사,"가설전기 (전선, 충전부, 분전반)","가설전기 (전선, 충전부, 분전반)",대용량 전력케이블 설치작업 중 부스덕트가 부딪혀 전기아크가 발생하여 화상,감전;부딪힘,"작업구간 인접하여 설치되어 있던 부스바는 활선 상태인 경우 덮개를 통한 임시 절연조치 실시 ▶ 충전전로 인근 작업 시 충전전로 정전, 충전부 절연덮개 등을 통한 안전조치 실시",4,5,20,상,,N,,기본검토,N,standard_model_rev05\source\최초위험성평가 표준 모델(배포용)_rev04_원본보존.xlsx
RA-E10-A72083D6C0,Y,중흥건설,전기공사,"가설전기 (전선, 충전부, 분전반)","가설전기 (전선, 충전부, 분전반)",안전대를 미착용하고 가설전선을 전주에 고정하던 중 중심을 잃고 추락,추락,"근로자의 개인보호구, 안전대 체결여부 점검 및 관리감독",3,5,15,중,,N,,기본검토,N,standard_model_rev05\source\최초위험성평가 표준 모델(배포용)_rev04_원본보존.xlsx
RA-C20-B1ABCAC2D1,Y,중흥건설,전기공사,"가설전기 (전선, 충전부, 분전반)","가설전기 (전선, 충전부, 분전반)",전기판넬을 옮기기 위해 굴착기에 지게포크를 달아 판넬을 들다 균형을 잃고 넘어지면서 동료가 깔림,기타,자재운반에 적합한 작업 방법 및 장비 사용 ▶ 자재운반 시 고정방법 검토 및 고정상태 확인 후 수행,2,5,10,중,,N,,기본검토,N,standard_model_rev05\source\최초위험성평가 표준 모델(배포용)_rev04_원본보존.xlsx
RA-E10-36AF643070,Y,중흥건설,전기공사,"가설전기 (전선, 충전부, 분전반)","가설전기 (전선, 충전부, 분전반)",컨테이너 사무실에 전원선을 연결하기 위해 샌드위치 판넬로 지은 휴게실 지붕으로 올라가 3미터 아래로 추락,추락,"추락방지를 위한 보조로프, 안전대 부착설비, 고소작업대 등 안전방호조치 실시 ▶ 근로자의 개인보호구, 안전대 체결여부 점검 및 관리감독",4,5,20,상,,N,,기본검토,N,standard_model_rev05\source\최초위험성평가 표준 모델(배포용)_rev04_원본보존.xlsx
RA-E10-CC240B38FA,Y,중흥건설,전기공사,"가설전기 (조명, 이동식 전기 기계기구)","가설전기 (조명, 이동식 전기 기계기구)",A형 사다리가 넘어지면서 추락,추락,"이동식 사다리를 사용 시 2인 1조로 작업, 아웃트리거 체결 철저 ▶ 근로자의 개인보호구, 안전대 체결여부 점검 및 관리",3,4,12,중,,N,,기본검토,N,standard_model_rev05\source\최초위험성평가 표준 모델(배포용)_rev04_원본보존.xlsx
RA-E10-B3FBCDA134,Y,중흥건설,전기공사,"가설전기 (조명, 이동식 전기 기계기구)","가설전기 (조명, 이동식 전기 기계기구)",고소작업대의 턴베이블 고정볼트 파단으로 인해 붐대가 낙하하면서 추락,추락;낙하·비래,작업 전 고소작업대 과부하방지장치 기능점검을 통한 정상작동 여부 확인 ▶ 고소작업대의 각 부위의 이상유무에 대한 정기점검 실시,2,5,10,중,,N,,기본검토,N,standard_model_rev05\source\최초위험성평가 표준 모델(배포용)_rev04_원본보존.xlsx
RA-E10-B2E316E143,Y,중흥건설,전기공사,"가설전기 (조명, 이동식 전기 기계기구)","가설전기 (조명, 이동식 전기 기계기구)",코어드릴로 천공작업 중 코어드릴 금속외함에 누설된 220V전류에 감전,감전,전기 작업 시 해당 전도 차단 후 작업 실시 ▶ 활선작업 시 절연용 보호구 지급- 활선작업조치 실시,2,5,10,중,,N,,현장반영후보,N,[SBL P6 OI Project] 최초위험성평가_부현전기.xlsx
ACC-202510-6B5C4E320C,Y,,전기공사,고소작업대,고소작업대,(사고사례) 고소작업대 이용 트레이 설치작업 중 트레이와 트레이렁 사이 손톱 끝이 협착,협착,TBM 시 반복교육 실시 및 정기교육 시 반복적 안전교육 실시 (협착방지장갑 착용),4,4,16,상,25년10월 사고,Y,산업재해조사표 제출,산업재해조사표 제출,N,1. 사고사례 분석표.xlsx
ACC-202406-2FE1ACB224,Y,,전기공사,고소작업대 작업,고소작업대 작업,(사고사례) 지하3층 주차장 106동 부근에서 재해자가 고소작업대 작업후 하차 하는중 바닥에 있던 콘크리트 잔해물을 밟으며 말목을 삠. 작업장 정리정돈 미흡 및 하차시 바닥의 상황을 인지하지 못하고 하차 (목격자 없음),전도,"1. TBM 사전 교육 후 작업 투입 및 작업 요소에 대한 안전교육 강화 2. 위험성평가 실시 : 수시 위험성평가 실시, 위험성평가 내용 근로자 전달 및 숙지상태 확인 3. 충분한 개별 공정시간을 가지고 서로 간섭을 최소화, 완성도 있는 단계별 시공 필요 강력 요청",4,4,16,상,24년06월 사고,Y,산업재해조사표 제출,산업재해조사표 제출,N,1. 사고사례 분석표.xlsx
RA-C40-47372F25FA,Y,중흥건설,전기공사,기계 설비 설치 작업,기계 설비 설치 작업,"사업장내 교육장소로 이동중이던 근로자가 맥주를 적재 한 상태로 운반중이던 지게차와 충돌, 깔림",부딪힘,"지게차를 사용한 작업 시, 지정된 제한속도(10km/h) 준수 - 하역물 운반시 급선회 금지, 경사로 제한속도 준수 ▶ 작업반경 내 근로자 접근금지 조치 및 신호수 배치 ▶ 운전자의 시야확보 (시야가 방해될정도로 하역물을 높이 쌓아 이동 금지) ▶ 안전장치 설치상태 및 기능점검 실시 ▶ 보행자 통로를 구획하여 표시",3,5,15,중,,N,,기본검토,N,standard_model_rev05\source\최초위험성평가 표준 모델(배포용)_rev04_원본보존.xlsx
RA-M10-DA88969E98,Y,중흥건설,전기공사,기계 설비 설치 작업,기계 설비 설치 작업,설비 덕트 위로 올라가 천장 천공 작업 중 설비 덕트를 지지하는 행거가 이탈되면서 추락,추락,사다리 통로 이외의 다른 이동방법을 통한 통행 금지 및 관련한 안전교욱실시 ▶ 작업장 내외부로 통하는 구간에 통로표시 ▶ 근로자의 불안전한 행동에 대해 관리감독 실시,4,4,16,상,,N,,기본검토,N,standard_model_rev05\source\최초위험성평가 표준 모델(배포용)_rev04_원본보존.xlsx
RA-F10-78D45FFDDD,Y,중흥건설,전기공사,기계 설비 설치 작업,기계 설비 설치 작업,화재감지기 설치를 위해 엘리베이터 카 상부에서 작업준비 중 엘리베이터 운행에 의해 카와 벽체 사이에 협착,끼임·협착;화재·폭발,"엘리베이터 승강로내 작업 시 운전정지, 표지판, 잠금장치 등 방호조치 실시 ▶ 작업 전 개인보호구 지급 및 착용상태 관리",3,5,15,중,,N,,기본검토,N,standard_model_rev05\source\최초위험성평가 표준 모델(배포용)_rev04_원본보존.xlsx
RA-C30-5EC80A2EC5,Y,,전기공사,"기계 설비 자재 반입, 가공, 운반 작업","기계 설비 자재 반입, 가공, 운반 작업",고소작업대에 탑승하여 배관설비 작업을 위하여 상승하던 중 협착,끼임·협착,"고소작업대 작업 시 상부의 장애물(파이프 등)로부터 과상승방지장치의 유효높이를 확보할 수 있도록 과상승방지장치를 설치하여 협착, 충돌 등 안전예방조치 실시 ▶ 현장여건에 적합하고 유효한 방식의 과상승방지장치 설치 준수 철저",3,5,15,중,,N,,기본검토,N,standard_model_rev05\source\최초위험성평가 표준 모델(배포용)_rev04_원본보존.xlsx
RA-C30-CB35554394,Y,,전기공사,"기계 설비 자재 반입, 가공, 운반 작업","기계 설비 자재 반입, 가공, 운반 작업","넘어진 1호기 고소작업대를 3대의 고소작업대를 이용해 일으켜세우던 중, 2호기 고소작업대의 전도에 의해 근로자가 깔림",넘어짐·전도,"고소작업대 사용시 주된 용도인 작업대 전용 외의 목적(양중용, 운반용 등)으로 사용금지조치 실시",2,5,10,중,,N,,기본검토,N,standard_model_rev05\source\최초위험성평가 표준 모델(배포용)_rev04_원본보존.xlsx
RA-E60-1003FC804F,Y,,전기공사,"기계 설비 자재 반입, 가공, 운반 작업","기계 설비 자재 반입, 가공, 운반 작업",변압기 이동 중 변압기를 고정한 앵커볼트가 탈락되면서 변압기에 깔림,기타,"단차가 있는 자재 또는 부재 세우기 작업 중 전도방지를 위한 체인블럭, 윈치 등 달기구를 이용하여 지탱하는 방식으로 전도방지조치 실시",3,5,15,중,,N,,기본검토,N,standard_model_rev05\source\최초위험성평가 표준 모델(배포용)_rev04_원본보존.xlsx
RA-C30-597B69E11B,Y,,전기공사,"기계 설비 자재 반입, 가공, 운반 작업","기계 설비 자재 반입, 가공, 운반 작업",사다리 위에서 작업 중 고정이 되지 않은 사다리가 넘어지며 추락,추락,"고소작업 시, 사다리보다 상대적으로 작업 안전성이 뛰어난 고소작업대, 이동식 비계 등을 사용하여 작업 ▶ 사다리를 사용하여 고소작업 시, 별도의 안전대 부착설비를 설치하고 안전대를 체결한 후 작업하도록 조치",4,4,16,상,,N,,기본검토,N,standard_model_rev05\source\최초위험성평가 표준 모델(배포용)_rev04_원본보존.xlsx
RA-C30-238D6EA834,Y,,전기공사,"기계 설비 자재 반입, 가공, 운반 작업","기계 설비 자재 반입, 가공, 운반 작업",윈치로 고소작업대 운반작업 중 윈치를 고정하고 있던 셋트앵커 탈락으로 인해 고소작업대 낙하,낙하·비래,안전대 부착설비 및 작업발판 설치 ▶ 작업 전 셋트앵커 설치상태 점검,3,5,15,중,,N,,기본검토,N,standard_model_rev05\source\최초위험성평가 표준 모델(배포용)_rev04_원본보존.xlsx
RA-C10-DFD236EF36,Y,,전기공사,"기계 설비 자재 반입, 가공, 운반 작업","기계 설비 자재 반입, 가공, 운반 작업",중량물 운반용 활차를 이용하여 자재 운반 중 자재가 넘어지며 깔림,기타,자재 운반 시 자재의 전도를 방지하기 위해 자재를 평탄한 발판 위에 올려놓는 등의 전도방지조치를 취한 후 작업 진행 ▶ 작업구간 관계 근로자가 아닌 사람의 출입을 금지하고 근로자 이동통로를 별도로 지정하는 등 주변을 통제 ▶ 중량물취급작업계획서를 작성하고 운반방법에 대한 위험성평가를 통해 작업방법을 해당 근로자에게 교육,4,5,20,상,,N,,기본검토,N,standard_model_rev05\source\최초위험성평가 표준 모델(배포용)_rev04_원본보존.xlsx
RA-E50-076045CD99,Y,,전기공사,"기계 설비 자재 반입, 가공, 운반 작업","기계 설비 자재 반입, 가공, 운반 작업","태양광발전설비 모듈 설치 및 배선작업, 상태확인을 위해 축사 및 공장동 지붕 위를 이동하던 중 채광창(썬라이트)을 밟고 바닥으로 추락",추락,"지붕상부로 이동시 고소작업대(차량탑재형, 시저형) 또는 고정용 수직사다리를 이용하여 안전하게 이동 - 고정용 수직사다리를 이용시 안전대걸이설비(안전블럭 등)를 설치하고 승,하강시 안전대를 체결 ▶ 지붕상부에서 이동시 60cm이상의 발판을 설치하여 이동통로를 구획 (사전작업계획 수립) - 노후화된 채광창(썬라이트)상부에 견고한 발판을 설치 ▶ 지붕상부에 자재 과적재 금지 ▶ 지붕 단부에는 안전난간대를 설치하여 단부에서의 추락방지조치 실시 ▶ 지붕하부에는 추락방지망을 설치 후 작업실시 ▶ 지붕해체 및 보수 작업자는 안전대를 체결한 상태로 작업실시",4,5,20,상,,N,,기본검토,N,standard_model_rev05\source\최초위험성평가 표준 모델(배포용)_rev04_원본보존.xlsx
RA-C30-6FADB0EAD6,Y,중흥건설,전기공사,"기계 설비 자재 반입, 가공, 운반 작업","기계 설비 자재 반입, 가공, 운반 작업",현장에서 임의로 만든 개구부 덮개를 밟고 작업중 개구부 덮개가 부서지면서 근로자가 바닥으로 추락함,추락,개구부 발생시 개구부 덮개 설치 및 위험표지 부착 (개구부덮개는 단단한 구조로 제작) ▶ 개구부 덮개 미설치시 주변 안전난간대 설치,4,5,20,상,,N,,기본검토,N,standard_model_rev05\source\최초위험성평가 표준 모델(배포용)_rev04_원본보존.xlsx
RA-C10-2D4C52BF80,Y,,전기공사,"기계 설비 자재 반입, 가공, 운반 작업","기계 설비 자재 반입, 가공, 운반 작업",화물자동차를 통한 설비폐자재 반출을 위한 차량 안내 작업 중 후진으로 주행하는 화물자동차와의 충돌,부딪힘,"차량충돌 위험이 있는 작업 시, 차량 주행로상의 작업자 접근 통제, 유도자 배치 등의 안전방호조치 실시 ▶ 차량작업 전 제동장치 및 조종장치의 기능점검 조치 실시",4,4,16,상,,N,,기본검토,N,standard_model_rev05\source\최초위험성평가 표준 모델(배포용)_rev04_원본보존.xlsx
RA-C30-4777AD0587,Y,,전기공사,기구 취부,기구 취부,근로자가 사다리 상단에서 작업범위를 무시한채 무리하게 작업중 중심을 잃고 추락,추락,천정부 작업시 작업범위를 고려하여 사다리를 이동하여 작업실시,3,5,15,중,,N,,현장반영후보,N,10.최초위험성평가.xlsx
RA-E60-17957F2CD7,Y,,전기공사,기구 취부,기구 취부,기구 결선작업시 오결선에 의한 혼촉,기타,결선작업시는 오결선되지 않도록 각 선로를 표시 또는 전선의 색을 구별토록 조치하여 혼촉 방지,2,3,6,하,,N,,현장반영후보,N,10.최초위험성평가.xlsx
RA-C90-22D0BDCB2B,Y,,전기공사,기구 취부,기구 취부,기구 교체 점검시 전원을 차단하지 않은 상태에서 충전부 접촉 감전,감전;부딪힘,기구의 교체 점검시에는 반드시 전원을 차단하고 정전작업을 실시,3,4,12,중,,N,,현장반영후보,N,10.최초위험성평가.xlsx
RA-E70-78B40B282F,Y,,전기공사,기구 취부,기구 취부,기구 작업시 조명시설 미비로 인한 부상위험,기타,기구 취부 및 교체 등 작업시 작업에 필요한 충분한 조도(150Lux 이상)를 유지하도록 임시조명시설을 설치,3,2,6,하,,N,,현장반영후보,N,10.최초위험성평가.xlsx
RA-C90-1CB1CDC0E0,Y,,전기공사,기구 취부,기구 취부,기구 취부중 천장자재 탈락으로 하부 근로자의 머리로 낙하,낙하·비래,기구 설치시 천장자재의 고정상태 점검후 작업,2,5,10,중,,N,,현장반영후보,N,10.최초위험성평가.xlsx
RA-C00-20FD2FB199,Y,,전기공사,기구 취부,기구 취부,안전모 등 개인보호구 미착용하고 작업중 천장부 머리 충돌,부딪힘,작업시 머리 보호를 위하여 안전모 등 보호구 착용,2,3,6,하,,N,,현장반영후보,N,10.최초위험성평가.xlsx
RA-C90-2599E303D7,Y,,전기공사,기구 취부,기구 취부,작업중 천장의 날카로운 달대볼트 등 철물에 의한 손부위 베임,절단·베임·찔림,날카로운 천정 철물 주변부 작업시 보호 장갑 착용,3,2,6,하,,N,,현장반영후보,N,10.최초위험성평가.xlsx
RA-C30-F2A461A1BE,Y,중흥건설,전기공사,"기타 (작업환경, 청소)","기타 (작업환경, 청소)","계단실 창호를 통해 외부비계에서 내부 계단으로 이동, 실족하여 외부비계와 건물사이 이격공간으로 추락",추락;넘어짐·전도,비계와 구조물간의 이격공간에 추락방망 설치,3,5,15,중,,N,,기본검토,N,standard_model_rev05\source\최초위험성평가 표준 모델(배포용)_rev04_원본보존.xlsx
RA-C90-EB29C9F157,Y,중흥건설,전기공사,"기타 (작업환경, 청소)","기타 (작업환경, 청소)","골조 프레임 위에서 천막, 망 등을 고정하는 작업을 하다 몸의 균형을 잃고 바닥으로 추락",추락,"추락단부 안전난간대 설치 등 추락방호조치 실시 ▶ 근로자의 개인보호구, 안전대 체결여부 점검 및 관리",2,5,10,중,,N,,기본검토,N,standard_model_rev05\source\최초위험성평가 표준 모델(배포용)_rev04_원본보존.xlsx
RA-C20-313090A897,Y,중흥건설,전기공사,"기타 (작업환경, 청소)","기타 (작업환경, 청소)",굴착작업 주변 청소하던 중 후진하는 굴착기 바퀴에 깔림,기타,차량계 건설기계 작업계획서 작성 ▶ 굴삭기 작업장소- 근로자 출입통제 및 유도자 배치,3,5,15,중,,N,,기본검토,N,standard_model_rev05\source\최초위험성평가 표준 모델(배포용)_rev04_원본보존.xlsx
RA-C30-A7271582D7,Y,,전기공사,"기타 (작업환경, 청소)","기타 (작업환경, 청소)",사다리 작업 중 사다리가 미끄러져 바닥으로 추락,추락;넘어짐·전도,이동식 사다리 사용 시 2인 1조로 작업 아웃트리거 4개소 설치 및 사용 철저,2,5,10,중,,N,,현장반영후보,N,10.최초위험성평가.xlsx
RA-C30-3CA5AA758D,Y,중흥건설,전기공사,"기타 (작업환경, 청소)","기타 (작업환경, 청소)",사다리를 이용하여 이동하던 중 사다리가 미끄러져 바닥으로 추락,추락;넘어짐·전도,"이동식 사다리를 사용 시 2인 1조로 작업, 아웃트리거 체결 철저",2,5,10,중,,N,,기본검토,N,standard_model_rev05\source\최초위험성평가 표준 모델(배포용)_rev04_원본보존.xlsx
RA-C90-A3332C0EBC,Y,중흥건설,전기공사,"기타 (작업환경, 청소)","기타 (작업환경, 청소)",안전순찰 중 일반 차량통제하던 중 주행 중이던 차량과 충돌,부딪힘,도로 유지보수 작업구간의 교통통제 조치 ▶ 작업장 주변 안전휀스 및 무단횡단 금지표시 등 설치 ▶ 차선 차단 시 작업공간과 충분한 안전거리 확보,2,5,10,중,,N,,기본검토,N,standard_model_rev05\source\최초위험성평가 표준 모델(배포용)_rev04_원본보존.xlsx
RA-C90-4F5EC885E4,Y,,전기공사,"기타 (작업환경, 청소)","기타 (작업환경, 청소)",안전순찰 중 주행 중이던 차량과 충돌,부딪힘,도로 유지보수 작업구간의 교통통제 조치 ▶ 작업장 주변 안전펜스 및 무단횡단 금지표시 등 설치 ▶ 차선 차단 시 차량주행로와 충분한 안전거리 확보,2,5,10,중,,N,,현장반영후보,N,10.최초위험성평가.xlsx
RA-C30-9122C47DD3,Y,중흥건설,전기공사,"기타 (작업환경, 청소)","기타 (작업환경, 청소)",외부비계 작업발판 위 이동하던 중 고정되지 않은 작업발판이 탈락되면서 바닥으로 추락,추락,작업발판 설치시 2지점 이상 고정 철저,3,5,15,중,,N,,기본검토,N,standard_model_rev05\source\최초위험성평가 표준 모델(배포용)_rev04_원본보존.xlsx
RA-C90-83DD7E613A,Y,중흥건설,전기공사,"기타 (작업환경, 청소)","기타 (작업환경, 청소)",작업 전 생수병에 담겨져 있는 세정제를 생수로 오인하여 음용,기타,물질안전보건자료 작성 및 제공 ▶ 관리대상 유해물질의 운반ㆍ저장 장소 지정,3,5,15,중,,N,,기본검토,N,standard_model_rev05\source\최초위험성평가 표준 모델(배포용)_rev04_원본보존.xlsx
RA-C90-B91B38AD84,Y,중흥건설,전기공사,"기타 (작업환경, 청소)","기타 (작업환경, 청소)",정리 및 보수작업을 하던 중 충전부 방호가 되지 않은 충전선에 닿아 감전,감전,충전전로 인접 작업 시 전로의 전원차단 등 작업방법 개선 ▶ 절연용 방호구 및 보호구 사용 ▶ 감시인 배치 등 근로자의 관리 강화,2,5,10,중,,N,,기본검토,N,standard_model_rev05\source\최초위험성평가 표준 모델(배포용)_rev04_원본보존.xlsx
RA-C90-0679A94B3B,Y,중흥건설,전기공사,"기타 (작업환경, 청소)","기타 (작업환경, 청소)",지붕에서 폐기물을 담은 마대를 지상으로 던지던 중 작업용 공구가 걸려 마대와 함께 바닥으로 추락,추락,지붕 등 추락단부 안전난간대 설치 등 추락방호조치 실시 ▶ 자재반출시 적재함에 담아 크레인을 이용하여 지상으로 반출하는 등 작업방법 검토,3,5,15,중,,N,,기본검토,N,standard_model_rev05\source\최초위험성평가 표준 모델(배포용)_rev04_원본보존.xlsx
RA-H10-D9C64F7679,Y,중흥건설,전기공사,"기타 (작업환경, 청소)","기타 (작업환경, 청소)",폭염 속 자재 운반 및 정리 등 작업을 하던 중 의식을 잃고 열사병으로 쓰러짐,온열·한랭질환,"열사병 예방 3대 기본수칙(물/그늘/휴식) 준수 ▶ 적절한 휴게시설 설치, 휴게시간 부여",3,5,15,중,,N,,기본검토,N,standard_model_rev05\source\최초위험성평가 표준 모델(배포용)_rev04_원본보존.xlsx
RA-C30-0C09B38357,Y,,전기공사,"기타 (작업환경, 청소)","기타 (작업환경, 청소)",현장 내 이동하던 중 안전난간으로 중간이 막힌 통로를 피해 돌아가려다 개구부에서 바닥으로 추락,추락,"추락위험이 있는 장소에 안전난간, 수직형 추락방망 또는 덮개 등의 방호조치 설치,",3,5,15,중,,N,,기본검토,N,standard_model_rev05\source\최초위험성평가 표준 모델(배포용)_rev04_원본보존.xlsx
RA-C30-02626CEF04,Y,중흥건설,전기공사,"기타 (작업환경, 청소)","기타 (작업환경, 청소)",현장 내 이동하던 중 안전난간으로 중간이 막힌 통로를 피해 돌아가려다 단부에서 바닥으로 추락,추락,"추락위험이 있는 장소에 안전난간, 수직형 추락방망 또는 덮개 등의 방호조치 설치,",2,5,10,중,,N,,현장반영후보,N,[SBL P6 OI Project] 최초위험성평가_부현전기.xlsx
RA-E70-B97FE4C435,Y,,전기공사,등기구 및 기구 취부,등기구 및 기구 취부,근로자가 사다리 상단에서 작업범위를 무시한채 무리하게 작업중 중심을 잃고 추락,추락,천정부 작업시 작업범위를 고려하여 작업발판을 이동하여 작업실시,3,5,15,중,,N,,기본검토,N,standard_model_rev05\source\최초위험성평가 표준 모델(배포용)_rev04_원본보존.xlsx
RA-E60-28A7AA926E,Y,,전기공사,등기구 및 기구 취부,등기구 및 기구 취부,등기구 결선작업시 오결선에 의한 혼촉,기타,결선작업시는 오결선되지 않도록 각 선로를 표시 또는 전선의 색을 구별토록 조치하여 혼촉 방지,2,3,6,하,,N,,기본검토,N,standard_model_rev05\source\최초위험성평가 표준 모델(배포용)_rev04_원본보존.xlsx
RA-E70-89E500B6B3,Y,,전기공사,등기구 및 기구 취부,등기구 및 기구 취부,등기구 교체 점검시 전원을 차단하지 않은 상태에서 충전부 접촉 감전,감전;부딪힘,등기구의 교체 점검시에는 반드시 전원을 차단하고 정전작업을 실시,3,4,12,중,,N,,기본검토,N,standard_model_rev05\source\최초위험성평가 표준 모델(배포용)_rev04_원본보존.xlsx
RA-E70-AA7E54471C,Y,,전기공사,등기구 및 기구 취부,등기구 및 기구 취부,등기구 작업시 조명시설 미비로 인한 부상위험,기타,등기구 취부 및 교체 등 작업시 작업에 필요한 충분한 조도를 유지하도록 임시조명시설을 설치,3,2,6,하,,N,,기본검토,N,standard_model_rev05\source\최초위험성평가 표준 모델(배포용)_rev04_원본보존.xlsx
RA-E70-59077BED87,Y,,전기공사,등기구 및 기구 취부,등기구 및 기구 취부,등기구 취부중 천장자재 탈락으로 하부 근로자의 머리로 낙하,낙하·비래,등기구 설치시 천장자재의 고정상태 점검후 작업,2,5,10,중,,N,,기본검토,N,standard_model_rev05\source\최초위험성평가 표준 모델(배포용)_rev04_원본보존.xlsx
RA-E70-2570667884,Y,,전기공사,등기구 및 기구 취부,등기구 및 기구 취부,안전모 등 개인보호구 미착용하고 작업중 천장부 머리 충돌,부딪힘,작업시 머리 보호를 위하여 안전모 등 보호구 착용,2,3,6,하,,N,,기본검토,N,standard_model_rev05\source\최초위험성평가 표준 모델(배포용)_rev04_원본보존.xlsx
RA-E70-842DE2472D,Y,,전기공사,등기구 및 기구 취부,등기구 및 기구 취부,작업중 천장의 날카로운 달대볼트 등 철물에 의한 손부위 베임,절단·베임·찔림,날카로운 천정 철물 주변부 작업시 보호 장갑 착용,3,2,6,하,,N,,기본검토,N,standard_model_rev05\source\최초위험성평가 표준 모델(배포용)_rev04_원본보존.xlsx
RA-E60-EDDD9ED1EF,Y,,전기공사,등기구 및 기구 취부,등기구 및 기구 취부,작업중인 분전반의 조작반 개방으로 인해 임의의 근로자가 오조작 사고,기타,분전전의 조작반은 관리책임자를 지정하고 작업중일 경우 작업중일을 표시하여 전원관리 철저,2,5,10,중,,N,,기본검토,N,standard_model_rev05\source\최초위험성평가 표준 모델(배포용)_rev04_원본보존.xlsx
ACC-202605-5DE651CCEF,Y,,전기공사,말비계 사고,말비계 사고,(사고사례) 말비계의 보조부재(벌어짐방지와이어)가 이탈하여 바닥에 떨어짐.,추락,"말비계 설치 전 바닥상태와 벌어짐 방지장치를 확인하고 수평을 유지하며, 작업 중 임의 이동을 금지한다.",4,5,20,상,26년05월 사고,Y,산업재해조사표 제출,산업재해조사표 제출,N,1. 사고사례 분석표.xlsx
ACC-202402-A3C49680CE,Y,,전기공사,말비계작업,말비계작업,"(사고사례) 1. 오후 14시 10분경, 101동 20층 2005호에서, 다용도실 소방감지기 배관작업관련 말비계위치를 PVC슬리브 PVC커버위에 놓고작업중 PVC슬리브 커버 파손에 의한 전도 2. 최초 병원비 40만원, 추후 산재, 근재 진행예정이기 때문에 추가 비용 지급 정지",전도,"- 말비계 작업시 현장 바닥상태 확인후 작업실시 - 공종간 바닥슬리브 확인 불가시, 건설사 및 해당공종 위치표시 및 관통슬리브 커버 견교히 요청 -기타 협력사간 협조 필요 - 현장 작업전 자재 정리정돈 및 바닥상태 확인 필요",4,4,16,상,24년02월 사고,Y,산업재해조사표 제출,산업재해조사표 제출,N,1. 사고사례 분석표.xlsx
ACC-202404-3FCF720DC8,Y,,전기공사,말비계작업,말비계작업,(사고사례) 2024년4월23일 최상층 천정 후렉시블 배관작업 중 화장실 부위 배관을 연결 작업 중 말비계 위에서 중심을 잃어 적재된 단열재를 밟았으나 단열재가 전도되며 바닥의 조적을 밟고 전도되어 왼쪽 발목이 꺾임. 말비계 설치 위치가 불량하여 중심을 잃은 것으로 조사됨,전도,"1. 작업 전, 바닥 상태를 고려하여 말비계 등을 평평한 상태로 놓을 것 2. 작업위치가 맞지 않은 상태에서 고소작업 금지",4,4,16,상,24년04월 사고,Y,산업재해조사표 제출,산업재해조사표 제출,N,1. 사고사례 분석표.xlsx
ACC-202408-7BC3B5B75E,Y,,전기공사,말비계작업,말비계작업,(사고사례) 고르지 못한 바닥에 말비계 설치 후 올라가다가 말비계가 쓰러지며 함께 전도하며 쓰러진 말비계에 팔이 충돌,전도,"말비계 사용 시 주변 정리정돈 및 지면 상태 확인, 발판 고정 및 수평한 상태에서 설치 후 작업",4,4,16,상,24년08월 사고,Y,산업재해조사표 제출,산업재해조사표 제출,N,1. 사고사례 분석표.xlsx
ACC-202505-33B79929F5,Y,,전기공사,말비계작업,말비계작업,"(사고사례) 말비계에서 내려오다가 고정되지 않은 가시설을 짚다가 중심을 잃고 무릎을 부딪혀 상해입었다고 주장하고 있음. 불인정 신고, 동영상 전송 불승인 결과 확인전화 (조사 진행중이라고 함) 승인 통보 시 바로 대체지급신청 예정 산재 인정됨 - 대체지급신청함",전도,말비계에서 내려올 때에는 다른 시설 등을 짚지 않고 내려올 것을 교육,4,4,16,상,25년05월 사고,Y,산업재해조사표 제출,산업재해조사표 제출,N,1. 사고사례 분석표.xlsx
RA-E30-F55E7722E8,Y,중흥건설,전기공사,배관 작업,배관 작업,T/C 인양작업중 상하동시 작업으로 낙하물 위험,낙하·비래,T/C 인양작업반경내 접근금지 및 신호수의 통제에 따를 것,4,1,4,하,,N,,기본검토,N,standard_model_rev05\source\최초위험성평가 표준 모델(배포용)_rev04_원본보존.xlsx
RA-E30-5A19B10F64,Y,중흥건설,전기공사,배관 작업,배관 작업,고속절단기 사용시 자재 이물질이 눈에 튀어 실명 위험,절단·베임·찔림,"고속절단기 사용시 안전모, 보안경 착용 철저",3,2,6,하,,N,,기본검토,N,standard_model_rev05\source\최초위험성평가 표준 모델(배포용)_rev04_원본보존.xlsx
RA-E30-7F56B73A4F,Y,,전기공사,배관 작업,배관 작업,고속절단기 사용시 자재 이물질이 안구에 비산하여 실명 위험,낙하·비래;절단·베임·찔림,"고속절단기 사용시 안전모, 보안경 착용 철저",3,2,6,하,,N,,현장반영후보,N,10.최초위험성평가.xlsx
RA-E30-C4E6518044,Y,중흥건설,전기공사,배관 작업,배관 작업,높이2미터 이상의 고소작업시 안전대 미착용 작업중 추락,추락,높이 또는 깊이 2미터 이상의 추락학 위험이 있는 장소에서의 작업시 안전대 착용,3,5,15,중,,N,,기본검토,N,standard_model_rev05\source\최초위험성평가 표준 모델(배포용)_rev04_원본보존.xlsx
RA-E30-5F6DC2756D,Y,중흥건설,전기공사,배관 작업,배관 작업,배관작업시 작업의 진행방향을 후진방향으로 하여 전도위험,넘어짐·전도,"배관작업의 진행방향은 항시 전진 방향으로 하며, 슬라브 단부 주위에서 뒷걸음질 금지",4,3,12,중,,N,,기본검토,N,standard_model_rev05\source\최초위험성평가 표준 모델(배포용)_rev04_원본보존.xlsx
RA-E30-22D678D512,Y,중흥건설,전기공사,배관 작업,배관 작업,"안전모, 보안경 미착용하고 작업중 물체 비산",낙하·비래,"전기 기계기구 사용시 안전모, 보안경 등 개인보호구 착용하고 작업 실시",3,2,6,하,,N,,기본검토,N,standard_model_rev05\source\최초위험성평가 표준 모델(배포용)_rev04_원본보존.xlsx
RA-E30-1250327EB1,Y,중흥건설,전기공사,배관 작업,배관 작업,옥외 배관시 장비와의 협착 및 토사 붕괴로 인한 재해,끼임·협착;붕괴·도괴,옥외 배관 작업시 신호수를 배치하여 협착 및 붕괴 재해 예방,2,4,8,하,,N,,기본검토,N,standard_model_rev05\source\최초위험성평가 표준 모델(배포용)_rev04_원본보존.xlsx
RA-E30-F5EADBFEF8,Y,중흥건설,전기공사,배관 작업,배관 작업,작업장소 주변 자재정돈 미실시 및 통행중 배근된 철근사이에 발이 걸려 넘어짐,넘어짐·전도,배관자재 정돈실시 및 슬라브에 주 통로부위를 지정하여 합판 등으로 안전 통로 확보,4,3,12,중,,N,,기본검토,N,standard_model_rev05\source\최초위험성평가 표준 모델(배포용)_rev04_원본보존.xlsx
ACC-202503-4C5EA606A6,Y,,전기공사,배관작업,배관작업,"(사고사례) 산업재해조사표 신고 후 치료비, 휴업급여 지급함",상해,작업 전 스트레칭 실시 후 작업,4,4,16,상,25년03월 사고,Y,산업재해조사표 제출,산업재해조사표 제출,N,1. 사고사례 분석표.xlsx
RA-E50-C8109DFAF8,Y,중흥건설,전기공사,배선 작업,배선 작업,A형 사다리(이동식 사다리)에서 전기배선 작업 중 몸의 중심을 잃고 추락,추락,"이동식 비계 등 설치가 불가한 작업여건시 A형사다리를 사용 (경작업용) ▶ A형 사다리 사용 작업시 사다리 작업 안전지침 준수 - A형사다리 최상단 답단에서 작업 금지 (불안전한 작업상태) - A형사다리 전도방지조치를 위한 아웃트리거 설치 - A형사다리 벌어짐 방지조치 (힌지타입, 걸쇠타입의 걸쇠철물 설치 사용) - 2인1조 작업으로 사다리의 전도방지조치 실시",4,5,20,상,,N,,기본검토,N,standard_model_rev05\source\최초위험성평가 표준 모델(배포용)_rev04_원본보존.xlsx
RA-E50-02C3BC1C02,Y,중흥건설,전기공사,배선 작업,배선 작업,가설 조명등 연결전선의 접속부 과열 및 열축적에 의한 절연파괴로 발생한 단락 불꽃이 천장에 부착된 단열재와 하부에 쌓아둔 단열재 더미 등에 튀어 대형화재로 유독가스에 질식 및 화재에 대한 근로자 사망,화재·폭발;질식·중독,전기 기계ㆍ기구의 충분한 전기적 용량 및 기계적 강도 확보 ▶ 전선 간 접속점의 변형을 방지하기 위해 적정한 전기적ㆍ기계적 방호조치 실시 ▶ 비상상황에 즉시 대처 할 수 있도록 대피훈련 및 경보운영체계 확립 ▶ 비상시 신속하게 알리기 위해 경보용 설비 또는 기구를 설치,2,5,10,중,,N,,기본검토,N,standard_model_rev05\source\최초위험성평가 표준 모델(배포용)_rev04_원본보존.xlsx
RA-E50-E71D5C0EC4,Y,중흥건설,전기공사,배선 작업,배선 작업,계단실 측벽 배선작업 중 전선을 뒤로 당기다가 몸의 중심을 잃고 계단참 단부로 추락,추락,단부 등 추락위험이 있는 곳으로 당기는 작업 지양 ▶ 부득이하게 당기게 되는 경우 추락을 방지할 수 있는 조치 후 작업,4,5,20,상,,N,,기본검토,N,standard_model_rev05\source\최초위험성평가 표준 모델(배포용)_rev04_원본보존.xlsx
RA-M10-3154E4EE6F,Y,중흥건설,전기공사,배선 작업,배선 작업,고소작업대(시저형)에 탑승후 전기선 풀링작업 및 전기 트레이 설치작업시 상승스위치 오작동으로 인해 작업대가 과상승하여 상단부 구조물과 덕트등에 재해자가 협착,끼임·협착,작업 전 기능점검을 통한 과상승방지장치 정상 작동여부 확인 실시 ▶ 작업 전 안전장치의 정상작동 여부 사전 점검 ▶ 작동 스위치 레버 상부 방호덮개 설치,3,5,15,중,,N,,기본검토,N,standard_model_rev05\source\최초위험성평가 표준 모델(배포용)_rev04_원본보존.xlsx
RA-E50-B912B993FC,Y,중흥건설,전기공사,배선 작업,배선 작업,공장 천장 마감재 상부에서 전기 배선작업 중 마감재가 파손되면서 추락,추락,"설비덕트(제연덕트, 배기덕트 등)의 개구부 덮개는 충분한 강도를 가진 재료로 덮개를 설치 ▶ 개구부 덮개 상단에는 경고표지를 부착 ▶ 개구부 주변 안전난간대 설치 (추가적인 추락위험 조치)",3,5,15,중,,N,,기본검토,N,standard_model_rev05\source\최초위험성평가 표준 모델(배포용)_rev04_원본보존.xlsx
RA-E50-3D6CECDE98,Y,중흥건설,전기공사,배선 작업,배선 작업,말비계가 경사면에 설치되어 작업중 전도,넘어짐·전도,말비계 등 설치시 평탄하고 견고한 지반에 설치,4,4,16,상,,N,,기본검토,N,standard_model_rev05\source\최초위험성평가 표준 모델(배포용)_rev04_원본보존.xlsx
RA-E50-56FDD06180,Y,중흥건설,전기공사,배선 작업,배선 작업,말비계를 사용한 전선관 배관작업 중 몸의 중심을 잃고 바닥으로 추락,추락,말비계 안전한 구조의 말비계를 사용 - 발판의 폭이 40cm이상의 비계를 사용 - 말비계의 4지점이 견고한 구조의 바닥에 지지 - 발판의 양 끝지점은 단부의 위치를 알수있도록 표시 ▶ 작업자는 안전모를 올바르게 착용하고 작업을 실시,3,5,15,중,,N,,기본검토,N,standard_model_rev05\source\최초위험성평가 표준 모델(배포용)_rev04_원본보존.xlsx
RA-E50-3D2CC8AF7E,Y,중흥건설,전기공사,배선 작업,배선 작업,바닥 개구부 인근에서 작업 중 근로자가 몸의 중심을 잃고 바닥 개구부로 추락,추락,"개구부 덮개를 열고 자재를 전달 및 반입시 근로자는 안전대를 체결후 작업 실시 ▶ 옹벽 단부에서 작업시, 단부에는 안전난간대를 설치",3,5,15,중,,N,,기본검토,N,standard_model_rev05\source\최초위험성평가 표준 모델(배포용)_rev04_원본보존.xlsx
RA-E50-A0A772248F,Y,중흥건설,전기공사,배선 작업,배선 작업,배선작업시 2인이상 공동작업중 무리한 작업에 따른 부상,기타,"2인이상 공동작업시 작업전 작업방법, 순서, 신호체계를 주지시키고 근로자 신체적 여건을 고려하여 작업",2,4,8,하,,N,,기본검토,N,standard_model_rev05\source\최초위험성평가 표준 모델(배포용)_rev04_원본보존.xlsx
RA-E50-4780FD6499,Y,중흥건설,전기공사,배선 작업,배선 작업,사다리상에서 전선 인입 작업중 추락,추락,전선 인입 작업시 작업발판으로 사다리 사용 금지 이동식비계 사용,4,5,20,상,,N,,기본검토,N,standard_model_rev05\source\최초위험성평가 표준 모델(배포용)_rev04_원본보존.xlsx
RA-E50-82133C4C2E,Y,중흥건설,전기공사,배선 작업,배선 작업,사다리에서 인입작업 중 추락,추락,"사다리 작업시 안전수칙 준수 (2인1조 작업, 전도방지대 설치 등)",4,4,16,상,,N,,기본검토,N,standard_model_rev05\source\최초위험성평가 표준 모델(배포용)_rev04_원본보존.xlsx
RA-E50-94E5BFA303,Y,중흥건설,전기공사,배선 작업,배선 작업,"안전모, 안전대 미착용하고 작업중 부딪히거나 협착",끼임·협착;부딪힘,"배선 작업시 안전모, 안전대 등 개인보호구 착용 철저",2,3,6,하,,N,,기본검토,N,standard_model_rev05\source\최초위험성평가 표준 모델(배포용)_rev04_원본보존.xlsx
RA-E50-483B0314D4,Y,중흥건설,전기공사,배선 작업,배선 작업,"안전모, 안전대 미착용하고 작업중 천장에 충돌",부딪힘,"배선 작업시 안전모, 안전대 등 개인보호구 착용 철저",3,2,6,하,,N,,기본검토,N,standard_model_rev05\source\최초위험성평가 표준 모델(배포용)_rev04_원본보존.xlsx
RA-E50-FAA75725C3,Y,중흥건설,전기공사,배선 작업,배선 작업,이동식비계에서 작업중 작업 발판이 부러지면서 추락,추락,이동식비계에 검정품 작업발판을 설치하여 사용,3,5,15,중,,N,,기본검토,N,standard_model_rev05\source\최초위험성평가 표준 모델(배포용)_rev04_원본보존.xlsx
RA-E50-719B21B19C,Y,중흥건설,전기공사,배선 작업,배선 작업,이동식비계의 설치상태 불량으로 추락,추락,이동식비계는 가설기자재로 검정품을 사용하고 안전기준에 준하여 사용,2,5,10,중,,N,,기본검토,N,standard_model_rev05\source\최초위험성평가 표준 모델(배포용)_rev04_원본보존.xlsx
RA-E50-A0F62CF8C3,Y,중흥건설,전기공사,배선 작업,배선 작업,"자재를 작업위치로 옮기던 중, 발을 헛디뎌 몸의 중심을 잃고 주저앉으며 조립된 벽체철근에 항문 관통하여 근로자 사망 위험",절단·베임·찔림,슬래브 철근 상부에 실족방지망을 설치하여 이동통로를 구획 및 설치 ▶ 찔림방지용 캡 설치 등을 통한 철근 찔림방지조치 실시,3,5,15,중,,N,,기본검토,N,standard_model_rev05\source\최초위험성평가 표준 모델(배포용)_rev04_원본보존.xlsx
RA-E50-1538E6DB4D,Y,중흥건설,전기공사,배선 작업,배선 작업,작업발판을 각재 등으로 불안전하게 설치하여 작업중 각재가 탈락하면서 추락,추락,작업발판은 탈락되지 않도록 2개소 이상 결속하고 견고한 것 사용,3,5,15,중,,N,,기본검토,N,standard_model_rev05\source\최초위험성평가 표준 모델(배포용)_rev04_원본보존.xlsx
RA-E20-94CFA0342A,Y,중흥건설,전기공사,배선 작업,배선 작업,전력증설공사를 위해 변전실 내부 접지선 보완작업 중 감전,감전,"감전될 위험이 있는 작업 시, 해당 충전전로의 정전상태 확인 준수 ▶ 특별고압 충전전로에 대한 접근한계거리 확보 준수",3,5,15,중,,N,,기본검토,N,standard_model_rev05\source\최초위험성평가 표준 모델(배포용)_rev04_원본보존.xlsx
RA-E50-63BC65554F,Y,중흥건설,전기공사,배선 작업,배선 작업,전선 및 안내선을 펼쳐놓고 작업중 발이나 신체에 걸려 전도,넘어짐·전도,배선작업 중 수시로 전선 및 안내선을 정리정돈 실시,3,2,6,하,,N,,기본검토,N,standard_model_rev05\source\최초위험성평가 표준 모델(배포용)_rev04_원본보존.xlsx
RA-E50-9A7180992E,Y,중흥건설,전기공사,배선 작업,배선 작업,전주상에서 작업시 안전대를 풀고 이동하려던 중 추락,추락,전주상에서 작업시 안전대를 철저히 착용토록 관리감독 철저,3,4,12,중,,N,,기본검토,N,standard_model_rev05\source\최초위험성평가 표준 모델(배포용)_rev04_원본보존.xlsx
RA-E50-42E464678C,Y,중흥건설,전기공사,배선 작업,배선 작업,전주상에서 전기 인입 작업중 충전부에 감전,감전,"전주상에서 전기 작업시 절연복 착용, 이격거리 준수",3,5,15,중,,N,,기본검토,N,standard_model_rev05\source\최초위험성평가 표준 모델(배포용)_rev04_원본보존.xlsx
RA-E50-AC4609AE10,Y,중흥건설,전기공사,배선 작업,배선 작업,"천장 등기구 교체를 위한 배선작업 중, 활선 상태에서 전원선의 충전부와의 접촉에 의한 감전",감전;부딪힘,"배선용 및 누전용 차단기 작동상태 확인 ▶ 전선 입선 및 포설, 판넬 연결작업시 해당 전로 차단후 작업 실시",3,4,12,중,,N,,기본검토,N,standard_model_rev05\source\최초위험성평가 표준 모델(배포용)_rev04_원본보존.xlsx
RA-E50-BC0EF2F5FE,Y,중흥건설,전기공사,배선 작업,배선 작업,천장의 Box 고정용 못에 찔림,절단·베임·찔림,작업전 작업부위 반경내 돌출된 못 제거후 작업실시,3,1,3,하,,N,,기본검토,N,standard_model_rev05\source\최초위험성평가 표준 모델(배포용)_rev04_원본보존.xlsx
RA-E50-89C91FA4B3,Y,중흥건설,전기공사,배선 작업,배선 작업,천정 마감재 상부로 올라가 전기 배선 작업 중 전선에 접촉되어 감전,감전;부딪힘,감전 위험이 있는 작업 시 해당 전로 차단 실시 ▶ 작업 전 절연보호구 지급 및 착용상태 관리 ▶ 추락 위험이 있는 작업 시 안전대 부착설비 설치를 통한 안전방호조치 실시,2,5,10,중,,N,,기본검토,N,standard_model_rev05\source\최초위험성평가 표준 모델(배포용)_rev04_원본보존.xlsx
RA-E50-80D4597340,Y,중흥건설,전기공사,배선 작업,배선 작업,케이블 이설작업을 위한 케이블 입선 및 포설작업 중 판넬 내 충전부에 머리가 닿아 감전,감전,"판넬 내부 충전부 노츨되지 않도록 방호캡 설치등 방호조치 ▶ 판넬 내,외부 접지상태 확인 ▶ 전선 입선 및 포설, 판넬 연결작업시 해당 전로 차단후 작업 실시",4,5,20,상,,N,,기본검토,N,standard_model_rev05\source\최초위험성평가 표준 모델(배포용)_rev04_원본보존.xlsx
RA-E50-91457DA4EF,Y,중흥건설,전기공사,배선 작업,배선 작업,케이블 철거를 위한 전주 승주 중 작업발판 볼트 이탈에 의한 바닥으로 추락,추락,"추락 위험이 있는 전주작업 시, 고소작업대(차량탑재형), 활선버켓차 등을 이용한 작업방법 우선 고려 ▶ 작업 전 기능점검을 통한 승강설비(작업발판 볼트)의 이상 유무 확인 ▶ 전주 승하강시 안전대 체결 상태 유지(U형 안전대) ▶ 전주 승하강용 개인보호구의 사용법 준수",4,5,20,상,,N,,기본검토,N,standard_model_rev05\source\최초위험성평가 표준 모델(배포용)_rev04_원본보존.xlsx
RA-E50-75B01EDC11,Y,중흥건설,전기공사,보건,보건,근로자간 신호 미흡으로 과도한 힘으로 풀링중 요통 발생,근골격계,2명이상 취급 및 운반시 작업전 신호체계 확립,3,3,9,중,,N,,기본검토,N,standard_model_rev05\source\최초위험성평가 표준 모델(배포용)_rev04_원본보존.xlsx
RA-H10-2934900401,Y,중흥건설,전기공사,보건,보건,부자연스러운 작업 자세 및 중량물 취급 등으로 인한 근골격계질환 발생 위험,근골격계,"작업발판 등을 설치하여 편안한 작업자세 유도, 중량물 취급시 단독작업 금지, 인력운반 지양, 끌차 및 리어카 등을 사용하여 운반작업 실시, 작업 전 중 후 수시 스트레칭 실시",3,4,12,중,,N,,기본검토,N,standard_model_rev05\source\최초위험성평가 표준 모델(배포용)_rev04_원본보존.xlsx
RA-C50-A8B077221A,Y,중흥건설,전기공사,보건,보건,용접(용단)작업 시 용접 흄 발생에 의한 용접폐증 등 직업병 발생 위험,기타,"고정된 장소에서의 작업 지점에서는 국소배기장치를 설치, 1급 이상의 방진마스크 착용, 발생 유해물질에 관한 유해. 위험성 근로자에게 고지, 작업종료 후 비산물 청소",4,5,20,상,,N,,기본검토,N,standard_model_rev05\source\최초위험성평가 표준 모델(배포용)_rev04_원본보존.xlsx
RA-H10-87CAF7AF9F,Y,중흥건설,전기공사,보건,보건,"위험물질에관한 유해 위험성을 인식부족, 관리 미흡으로 인한 피부접촉, 호흡, 음용위험",부딪힘,"위험물질에대한 위험성 지속적 교육, 물질안전보건자료 (MSDS)부착관리, 작업에 맞는 개인보호구 착용, 위험물질 지정장소 보관",2,5,10,중,,N,,기본검토,N,standard_model_rev05\source\최초위험성평가 표준 모델(배포용)_rev04_원본보존.xlsx
RA-H10-E817AAD3F6,Y,중흥건설,전기공사,보건,보건,"작업시 매연, 분진발생으로 인한 천식, 기관지염 등 호흡계 질환위험",분진·호흡기,방진 마스크 착용,3,3,9,중,,N,,기본검토,N,standard_model_rev05\source\최초위험성평가 표준 모델(배포용)_rev04_원본보존.xlsx
RA-H10-7C6D19344C,Y,중흥건설,전기공사,보건,보건,전기선 등 인력 운반중 요통 발생,근골격계,전기선 등 중량물 운반시 운반용 수레 사용,3,2,6,하,,N,,기본검토,N,standard_model_rev05\source\최초위험성평가 표준 모델(배포용)_rev04_원본보존.xlsx
RA-H10-ED5C216010,Y,중흥건설,전기공사,보건,보건,"폭염주의보, 폭염경고 등 고온다습한 환경에서 야외작업 시 체내 온도상승으로 인한 열피로, 열사병 위험",온열·한랭질환,"50분 작업 10분 따뜻한 곳에서 휴식, 탈진방지를 위해 식염정 및 물 섭취, 기온 및 습도 현황판으로 작업지시사항을 깃발로 표식, 건강상태. 수면시간. 영양지도 등을 위한 수시 건강 상담 실시",2,4,8,하,,N,,기본검토,N,standard_model_rev05\source\최초위험성평가 표준 모델(배포용)_rev04_원본보존.xlsx
RA-H10-6C1F8ABB59,Y,중흥건설,전기공사,보건,보건,"한파주의보, 경고 등 한냉 건조한 환경에서 야외작업 시 체온 감소 및 혈관수축을 인한 혈관질환 발생위험",기타,"50분 작업 10분 따뜻한 곳에서 휴식, 따뜻한 물과 장갑, 귀덥개 등 보온장구를 착용하여 체내 온도 유지",2,3,6,하,,N,,기본검토,N,standard_model_rev05\source\최초위험성평가 표준 모델(배포용)_rev04_원본보존.xlsx
ACC-202303-EC4A45290C,Y,,전기공사,분전반,분전반,(사고사례) 분전반 전도로 인한 뇌진탕,충돌,분전반 운반·설치 전 중량과 이동경로를 확인하고 전도방지 조치 후 신호수의 지휘에 따라 작업한다.,4,4,16,상,23년03월 사고,Y,산업재해조사표 제출,산업재해조사표 제출,N,1. 사고사례 분석표.xlsx
ACC-202506-0FBDDBC8FC,Y,,전기공사,분전반 양중,분전반 양중,(사고사례) 분전반의 핀이 빠지면서 문이떨어지는 것을 막으려다 속판 날카로운 부분에 가운데손가락이 찢어짐 병원에 관리자(정지훈안전과장)동행하여 치료 산재표 접수증 확인,협착,"분전반을 양중할 때, 눞히게 되는 경우 아랫쪽을 높이 들게 되면 속핀이 이탈될 가능성이 커지므로 주의하여 양중할 것",4,4,16,상,25년06월 사고,Y,산업재해조사표 제출,산업재해조사표 제출,N,1. 사고사례 분석표.xlsx
ACC-202606-177B416EA2,Y,,전기공사,사다리 하강,사다리 하강,(사고사례) 말비계에서 2인1조로 작업 중 동료가 자리를 비운 새에 추락하는 턱끈이 풀리면서 안전모가 벗겨,추락,"사다리는 평탄한 바닥에 견고하게 설치하고 2인 1조로 사용하며, 오르내릴 때 답단을 하나씩 확인한다.",4,5,20,상,26년06월 사고,Y,산업재해조사표 제출,산업재해조사표 제출,N,1. 사고사례 분석표.xlsx
ACC-202606-F56929E6E3,Y,,전기공사,사다리 하강,사다리 하강,(사고사례) 말비계에서 내려오다가 넘어져서 오른쪽 팔로 땅을 짚다가 골절,전도,"사다리는 평탄한 바닥에 견고하게 설치하고 2인 1조로 사용하며, 오르내릴 때 답단을 하나씩 확인한다.",4,4,16,상,26년06월 사고,Y,산업재해조사표 제출,산업재해조사표 제출,N,1. 사고사례 분석표.xlsx
ACC-202402-D6B0701C06,Y,,전기공사,사다리작업,사다리작업,(사고사례) 1.언제: 24년 02월 02일 11시 00분경 2. 누가: 일진파워 컨소시엄 근로자 (69년 11월 생) 3.어디서: LV4 25-25구역 에서 4.무엇을: 전열 배선 결선을 위해 사다리를 오르던 중 5.어떻게: 발이 미끄러지며 사다리 하부 2~3단 높이에서 뒤로 떨어짐 6. 보험가입자 의견서 (승인) 공단 발송,추락,1.유해 위험요인 조사 및 수시 위험성 평가 시행 2.작업 안전교육 실시,4,5,20,상,24년02월 사고,Y,산업재해조사표 제출,산업재해조사표 제출,N,1. 사고사례 분석표.xlsx
ACC-202402-CDBF5EFAA3,Y,,전기공사,사다리작업,사다리작업,(사고사례) 배관 굴곡이 많아 작업이 용이하지 않자 2명이 작업 중 사다리 위에 올라간 사람이 안전벨트 등 추락에 대비하지 못하고 추락,추락,1. 평평한 곳에 사다리를 위치하여야 함. 2.사다리 작업을 지양하고 사용 시 안전벨트 착용 등 추락에 대비하여야 함,4,5,20,상,24년02월 사고,Y,산업재해조사표 제출,산업재해조사표 제출,N,1. 사고사례 분석표.xlsx
ACC-202408-269AAFD51C,Y,,전기공사,사다리작업,사다리작업,(사고사례) 사다리 2단에서 하강중 바닥의 콘크리트 잔재를 밟다가 접질림,전도,"2인1조 작업투입, 사다리 하강 시 답단 하나씩 밟고 내려오도록 교육",4,4,16,상,24년08월 사고,Y,산업재해조사표 제출,산업재해조사표 제출,N,1. 사고사례 분석표.xlsx
ACC-202505-3561CEF4C5,Y,,전기공사,사다리작업,사다리작업,(사고사례) 사다리 하강 중 작업자의 착지 실수로 우측 발목 통증,상해,사다리 등 하강 시에는 답단 하나씩 밟고 내려올 것,4,4,16,상,25년05월 사고,Y,산업재해조사표 제출,산업재해조사표 제출,N,1. 사고사례 분석표.xlsx
RA-C30-AA57EA2D9E,Y,중흥건설,전기공사,안전가시설 (가설통로),안전가시설 (가설통로),수직통로(사다리) 끝단부에서 구조물으로 이동 중 실족하여 추락함,추락;넘어짐·전도,수직통로(사다리) 설치 및 교각 단부에 안전난간 설치 ▶ 추락 방지를 위한 비계 조립 시 작업발판 설치 또는 고소작업대 사용 ▶ 수작통로(사다리) 끝단부 통로(그레이팅)에서 이동 시 안전대 착용,3,5,15,중,,N,,기본검토,N,standard_model_rev05\source\최초위험성평가 표준 모델(배포용)_rev04_원본보존.xlsx
RA-C30-99B1580BDF,Y,중흥건설,전기공사,안전가시설 (개구부),안전가시설 (개구부),규격에 밎지않은 작업발판을 임의로 설치 중 하중에 의해 붕괴,붕괴·도괴,작업도구 등의 목적 외 사용금지 준수 ▶ 추락 위험이 있는 작업 시 안전대 부착설비 등 추락방호조치 준수 ▶ 작업발판 내 최대적재하중 준수,4,4,16,상,,N,,기본검토,N,standard_model_rev05\source\최초위험성평가 표준 모델(배포용)_rev04_원본보존.xlsx
RA-C30-331A1CDF6A,Y,중흥건설,전기공사,안전가시설 (개구부),안전가시설 (개구부),기준에 맞지 않게 설치된 비계 위에서 작업 중 비계가 붕괴되어 비계 위 작업자가 추락,추락;붕괴·도괴,"비계 조립시 비계기둥 및 띠장 간격, 벽이음 간격, 교차가새 설치 등 설치 기준을 준수하여 설치",3,5,15,중,,N,,기본검토,N,standard_model_rev05\source\최초위험성평가 표준 모델(배포용)_rev04_원본보존.xlsx
RA-C30-158075D55B,Y,중흥건설,전기공사,안전가시설 (개구부),안전가시설 (개구부),덮개가 고정되지 않은 개구부 인근에서 청소 작업 중 바닥으로 추락함,추락,추락을 방지하기 위한 안전대 착용 ▶ 개구부 덮개 설치 및 위험표지 부착,3,5,15,중,,N,,기본검토,N,standard_model_rev05\source\최초위험성평가 표준 모델(배포용)_rev04_원본보존.xlsx
RA-C30-72FC61BC54,Y,중흥건설,전기공사,안전가시설 (개구부),안전가시설 (개구부),안전난간이 미설치된 엘리베이터 피트 개구부로 실족하여 피트 바닥으로 추락함,추락;넘어짐·전도,"추락단부 안전난간대 설치 등 추락방호조치 실시 ▶ 근로자 개인보호구, 안전대 체결여부 점검 및 관리",4,4,16,상,,N,,기본검토,N,standard_model_rev05\source\최초위험성평가 표준 모델(배포용)_rev04_원본보존.xlsx
RA-C30-40CCE5EAD9,Y,중흥건설,전기공사,안전가시설 (개구부),안전가시설 (개구부),자재 운반 및 작업 중 안전난간이 미설치된 창호 개구부 등을 통해 근로자 추락,추락,"창호 개구부 등 추락의 위험이 있는 장소에는 안전난간대 설치 또는 수직형 추락방망 등 추락방지용 안전시설물을 설치하여 근로자 추락을 예방 ▶ 설치된 안전시설물에 대해 유지관리하고, 임의 해체 예방을 위한 관리감독",4,5,20,상,,N,,기본검토,N,standard_model_rev05\source\최초위험성평가 표준 모델(배포용)_rev04_원본보존.xlsx
RA-C30-9362895DF6,Y,중흥건설,전기공사,"안전가시설 (개구부, 비계)","안전가시설 (개구부, 비계)",안전대를 착용하지 않고 비계 해체 작업 중 몸의 중심을 잃고 작업발판 단부로 추락,추락,작업발판의 단부와 같이 근로자가 떨어질 위험이 있는 장소에는 안전난간 및 안전방망 설치 ▶ 안전난간 및 안전방망 설치가 곤란한 경우 안전대의 부착설비 설치 ▶ 근로자에게 안전대를 착용하도록 하는 등 떨어짐 방지조치 실시,4,5,20,상,,N,,기본검토,N,standard_model_rev05\source\최초위험성평가 표준 모델(배포용)_rev04_원본보존.xlsx
RA-C30-1A2075E4C9,Y,중흥건설,전기공사,"안전가시설 (개구부, 비계)","안전가시설 (개구부, 비계)",환기구 내 바닥개구부 위에 얹혀 있는 작업발판을 들어 올리다 몸의 중심을 잃고 개구부를 통해 바닥으로 추락,추락,"환기를 위한 바닥개구부 등 추락의 위험이 있는 장소에 철재 덮개, 웨빙띠, 안전난간 설치, 적정 조도확보 등을 통해 작업자의 추락 및 접근을 방지 ▶ 환기를 위한 바닥개구부 등의 입구를 임시로 작업발판, 합판 등으로 덮을 경우, 흔들리지 않도록 단단히 고정하고 개구부 표시 조치를 취하며 이후, 임시 조치한 자재를 제거하고 철재 덮개, 안전난간 설치 등의 안전방호조치를 실시",3,5,15,중,,N,,기본검토,N,standard_model_rev05\source\최초위험성평가 표준 모델(배포용)_rev04_원본보존.xlsx
RA-C30-E7FE8F843F,Y,중흥건설,전기공사,안전가시설 (비계),안전가시설 (비계),비계 바깥면으로 설치된 수직 사다리를 이용하여 승하강 이동 중 몸의 균형을 잃고 추락,추락,비계 작업발판 상하단 승하강 이동통로는 비계 내부에 설치하는 등 안전한 구조로 설치 ▶ 비계 외부로 승하강 사다리를 설치하는 경우 안전대 부착설비를 설치하고 안전대를 반드시 체결한 후 작업을 실시,3,4,12,중,,N,,기본검토,N,standard_model_rev05\source\최초위험성평가 표준 모델(배포용)_rev04_원본보존.xlsx
RA-C30-3ED979EFC4,Y,중흥건설,전기공사,안전가시설 (비계),안전가시설 (비계),"외부비계 해체를 위해 비계에 오르던 중 가공전로에 접촉, 감전에 의해 바닥으로 추락",추락;감전;부딪힘,"가공전로 인근 작업 시 가공전로 차단, 절연용 방호구 등 감전방지조치 실시 ▶ 작업 전 절연용 안전보호구(절연장갑, 절연화, 안전작업복, AE형 안전모 등) 지급 및 착용상태 관리",3,5,15,중,,N,,기본검토,N,standard_model_rev05\source\최초위험성평가 표준 모델(배포용)_rev04_원본보존.xlsx
ACC-202307-1E1CE0BED9,Y,,전기공사,압착기,압착기,(사고사례) 단자결선용 C형 스리브를 압착하기 위해 압착기 사용 중 압착기에 끼어 오른손 검지손가락 골절,전도,"압착기 작동 전 공구 상태를 점검하고 압착부에 손을 넣지 않으며, 지정된 작업자가 조작한다.",4,4,16,상,23년07월 사고,Y,산업재해조사표 제출,산업재해조사표 제출,N,1. 사고사례 분석표.xlsx
ACC-202407-65309DCEBD,Y,,전기공사,온열질환,온열질환,"(사고사례) 전기공사 현장 정리정돈 작업중 열경련이 일어났다고 주장함 병원초진, 늦게 신고",온열질환,"2인1조 작업투입, 매일 안전보건 및 건강상태 육안점검, 물,휴식,그늘막 제공",4,4,16,상,24년07월 사고,Y,산업재해조사표 제출,산업재해조사표 제출,N,1. 사고사례 분석표.xlsx
ACC-202603-1FDE1ECC66,Y,,전기공사,이동,이동,(사고사례) 대차바퀴가 바닥 구멍에 끼어 당기다가 발등이 깔림 롯데건설에서 과실 인정하였음,협착 불안전한 상태,"작업 전 이동통로의 장애물과 요철을 확인·제거하고, 지정통로로 이동하며 전방을 주시한다.",4,4,16,상,26년03월 사고,Y,산업재해조사표 제출,산업재해조사표 제출,N,1. 사고사례 분석표.xlsx
ACC-202604-8991604651,Y,,전기공사,이동,이동,(사고사례) 슬라브 철근사이에 발이빠져 급히 빼려다가 안전화가 벗겨지면서 다시 철근사이에 협착. 골절,불안전한 행동,"작업 전 이동통로의 장애물과 요철을 확인·제거하고, 지정통로로 이동하며 전방을 주시한다.",4,4,16,상,26년04월 사고,Y,산업재해조사표 제출,산업재해조사표 제출,N,1. 사고사례 분석표.xlsx
ACC-202604-FD670A3088,Y,,전기공사,이동,이동,"(사고사례) 천장을 기어가다가 스팀파이프에 뒷목 화상 근무가능 소견이나, 타병원에 다니는 등 근무가능여부가 확실치 않음",불안전한 상태,"작업 전 이동통로의 장애물과 요철을 확인·제거하고, 지정통로로 이동하며 전방을 주시한다.",4,4,16,상,26년04월 사고,Y,산업재해조사표 제출,산업재해조사표 제출,N,1. 사고사례 분석표.xlsx
ACC-202401-5B7F3F7D46,Y,,전기공사,이동중 사고,이동중 사고,"(사고사례) 1. 이동 중 목재에 걸려 넘어짐. 골반뼈 골절. 2. 서울 건대병원 진료, 딸이 산재를 요청하였으나 박재만소장님이 설득, 1달안에 결과를 보고 결정할 예정 2. 산재접수, 공상비 지출 없음 3. 장애인 중급이어서 계속 채용 예정 4. 근로복지공단-산재승인통지 (서희건설)",전도,"1. 근로자 이동통로 통행 시 전방주시 철저 교육 2. 작업장소 및 근로자 이동통로의 적정 조도 확보 3. 이동통로 상의 장애물, 요철 등 위험요인 상시 점검 및 제거",4,4,16,상,24년01월 사고,Y,산업재해조사표 제출,산업재해조사표 제출,N,1. 사고사례 분석표.xlsx
ACC-202406-CE09A0353A,Y,,전기공사,이동중 사고,이동중 사고,(사고사례) 2024. 06. 06 오전 10시경 6층 상부 스라브에서 재해자가 A/C 폼 상부 박리재 도포 상태에서 안전화 기름 접촉후 철근 상부 미끄러짐. 박리재 도포로 인해 철근 상부 미끄러움으로 넒어져 무릅관절 내 반월상 연골 손상,전도,TBM 사전 교육 후 작업 투입 및 작업요소에 대한 안전교육 강화,4,4,16,상,24년06월 사고,Y,산업재해조사표 제출,산업재해조사표 제출,N,1. 사고사례 분석표.xlsx
ACC-202408-29C86DB7BE,Y,,전기공사,이동중 사고,이동중 사고,(사고사례) 402동과 401동 사이 길로 301동 작업하러 가는 중 건설기계이동 등의 이유로 샛길로 이동 중 미끄러져서 CPB 배관에 발이 끼어 무릎이 꺾임,전도,우천 시 이동 중 미끄러짐 위험요인 교육 및 사고 위험내용 교육 우천 시 안전장화 착용 및 물 웅덩이 확인,4,4,16,상,24년08월 사고,Y,산업재해조사표 제출,산업재해조사표 제출,N,1. 사고사례 분석표.xlsx
ACC-202312-79A990DB91,Y,,전기공사,이동중 사고,이동중 사고,(사고사례) 고정식 사다리에서 내려오다 추락,추락,"작업 전 이동통로의 장애물과 요철을 확인·제거하고, 지정통로로 이동하며 전방을 주시한다.",4,5,20,상,23년12월 사고,Y,산업재해조사표 제출,산업재해조사표 제출,N,1. 사고사례 분석표.xlsx
ACC-202506-4C9EE4ADE0,Y,,전기공사,이동중 사고,이동중 사고,(사고사례) 안전사다리를 이동하다가 사다리의 무게중심이 쏠려서 넘어지는 것을 무의식적으로 막으려다 왼속 팔목에 미세골절 발생,충돌,작업발판 이동 시 2인 1조 작업 실시,4,4,16,상,25년06월 사고,Y,산업재해조사표 제출,산업재해조사표 제출,N,1. 사고사례 분석표.xlsx
ACC-202509-73C4870FB4,Y,,전기공사,이동중 사고,이동중 사고,"(사고사례) 오전 10시 102동 1층에서, 이동통로에서 바닥의 신승각을 밟고 중심을 잃고 넘어지면서 적재되어있는 자재 코너비드에 오른쪽 허벅지 창상",전도,근로자 이동통로에는 항상 자재를 정리정돈이 된 상태로 유지할 것,4,4,16,상,25년09월 사고,Y,산업재해조사표 제출,산업재해조사표 제출,N,1. 사고사례 분석표.xlsx
ACC-202507-2D3BADEEDD,Y,,전기공사,이동중 사고,이동중 사고,(사고사례) 오전9시 돔 B4번계단 4층 계단 이동 중 발을 헛디뎌 왼쪽 발을 삐끗함,전도,이동 시 주의하여 이동,4,4,16,상,25년07월 사고,Y,산업재해조사표 제출,산업재해조사표 제출,N,1. 사고사례 분석표.xlsx
ACC-202410-C0FD3F592D,Y,,전기공사,이동중 사고,이동중 사고,(사고사례) 이동 중 레이스웨이에 발이 걸려 새끼발가락 발톱이 들림,충돌,이동 시 주의,4,4,16,상,24년10월 사고,Y,산업재해조사표 제출,산업재해조사표 제출,N,1. 사고사례 분석표.xlsx
ACC-202506-56B635CE78,Y,,전기공사,이동중 사고,이동중 사고,"(사고사례) 이동 중 전도되어 손가락 끝 골절(금) 치료비, 휴업급여 팀장 부담 4주진단서, 지장없음소견서 대우에서 산재표 제출 요청",전도,이동통로 상 장애물을 확인하고 이동하도록 교육,4,4,16,상,25년06월 사고,Y,산업재해조사표 제출,산업재해조사표 제출,N,1. 사고사례 분석표.xlsx
ACC-202305-3677E4C66C,Y,,전기공사,이동중 사고,이동중 사고,(사고사례) 이동 중 전도로 무릎 다발 골절,전도,"작업 전 이동통로의 장애물과 요철을 확인·제거하고, 지정통로로 이동하며 전방을 주시한다.",4,4,16,상,23년05월 사고,Y,산업재해조사표 제출,산업재해조사표 제출,N,1. 사고사례 분석표.xlsx
ACC-202607-8AF4DAC751,Y,,전기공사,이동중 사고,이동중 사고,(사고사례) 철근 사이 발빠짐,불안전한 행동,"작업 전 이동통로의 장애물과 요철을 확인·제거하고, 지정통로로 이동하며 전방을 주시한다.",4,4,16,상,26년07월 사고,Y,산업재해조사표 제출,산업재해조사표 제출,N,1. 사고사례 분석표.xlsx
ACC-202510-750E921859,Y,,전기공사,이동중 사고,이동중 사고,(사고사례) 케이블 드럼을 옮기는 도중 예상치못하게 드럼이 쓰러지며 오른쪽 새끼손가락이 드럼사이에 협착,협착,1. 중량물 취급 및 압착 위험에 대한 사고사례 전파 2. 중량물 작업을 위한 압착방지장갑 지급 및 착용여부 점검,4,4,16,상,25년10월 사고,Y,산업재해조사표 제출,산업재해조사표 제출,N,1. 사고사례 분석표.xlsx
ACC-202509-30678D83F0,Y,,전기공사,이동중 사고,이동중 사고,(사고사례) 타업체 shop장 내 석고보드 재설치를 위해 단독 이동 중 오른쪽에 주차된 대차와 라바콘으로 구획설정된 사이 공간으로 이동 중 대차에 적재된 비계발판고리에 부딪혀 오른쪽 무릎 타박상,전도,작업구역 이동 시 주변환경 살피도록 교육,4,4,16,상,25년09월 사고,Y,산업재해조사표 제출,산업재해조사표 제출,N,1. 사고사례 분석표.xlsx
ACC-202308-F7B4ADBA30,Y,,전기공사,입선작업,입선작업,(사고사례) 입선 중 말비계에서 낙상하여 허벅지 좌상 및 골반 골절 - 지속적 관리 중 - ~ 합의 결정 예정,추락,"말비계 설치 전 바닥상태와 벌어짐 방지장치를 확인하고 수평을 유지하며, 작업 중 임의 이동을 금지한다.",4,5,20,상,23년08월 사고,Y,산업재해조사표 제출,산업재해조사표 제출,N,1. 사고사례 분석표.xlsx
RA-C10-17DC1E3CA1,Y,중흥건설,전기공사,"자재 반입, 가공, 운반","자재 반입, 가공, 운반",소형 가공 자재를 로프로 인양중 탈락하면서 낙하,낙하·비래,소형 가공 자재는 인양박스에 담아서 인양 운반,4,3,12,중,,N,,기본검토,N,standard_model_rev05\source\최초위험성평가 표준 모델(배포용)_rev04_원본보존.xlsx
RA-C10-90692904C4,Y,중흥건설,전기공사,"자재 반입, 가공, 운반","자재 반입, 가공, 운반","안전모, 안전화 등 개인보호구 미착용하여 작업 중 충돌하거나 찔림",부딪힘;절단·베임·찔림,"전기자재 반입, 가공, 운반시 개인보호구 착용 철저",2,2,4,하,,N,,기본검토,N,standard_model_rev05\source\최초위험성평가 표준 모델(배포용)_rev04_원본보존.xlsx
RA-C10-890D68C0BF,Y,중흥건설,전기공사,"자재 반입, 가공, 운반","자재 반입, 가공, 운반",운반차량 후진중 근로자 충돌,부딪힘,운반차량 현장내 출입시 유도자를 배치하여 안전하게 유도,4,4,16,상,,N,,기본검토,N,standard_model_rev05\source\최초위험성평가 표준 모델(배포용)_rev04_원본보존.xlsx
RA-C10-EDCA8A1F27,Y,중흥건설,전기공사,"자재 반입, 가공, 운반","자재 반입, 가공, 운반",인양로프를 1줄로 걸거나 수평을 유지하지 않아 인양중 인양물에 충돌,부딪힘,인양물은 체결시 2줄걸이로 결속하고 수평으로 인양,3,3,9,중,,N,,기본검토,N,standard_model_rev05\source\최초위험성평가 표준 모델(배포용)_rev04_원본보존.xlsx
RA-C10-F29EA2E53F,Y,중흥건설,전기공사,"자재 반입, 가공, 운반","자재 반입, 가공, 운반",인양용 후크에 해지장치가 미설치되어 인양로프가 후크에서 탈락되면서 물체 낙하,낙하·비래,인양용 후크에는 해지장치를 설치하여 로프가 후크에서 탈락되지 않도록 조치,2,4,8,하,,N,,기본검토,N,standard_model_rev05\source\최초위험성평가 표준 모델(배포용)_rev04_원본보존.xlsx
RA-C10-9AEDE9989B,Y,중흥건설,전기공사,"자재 반입, 가공, 운반","자재 반입, 가공, 운반",전기자재 인양중 인양로프가 끊어지면서 자재 낙하,낙하·비래,전기자재 인양용 로프는 중량을 충분히 견딜수 있는 로프사용,1,5,5,하,,N,,기본검토,N,standard_model_rev05\source\최초위험성평가 표준 모델(배포용)_rev04_원본보존.xlsx
RA-C40-4D7CF1CEEA,Y,,전기공사,"자재 반입, 가공, 운반","자재 반입, 가공, 운반",지게차 자재 운반 중 근로자 충돌,부딪힘,"지게차를 사용한 작업 시, 지정된 제한속도(10km/h) 준수 - 하역물 운반시 급선회 금지, 경사로 제한속도 준수 ▶ 작업반경 내 근로자 접근금지 조치 및 신호수 배치 ▶ 운전자의 시야확보 (시야가 방해될정도로 하역물을 높이 쌓아 이동 금지) ▶ 안전장치 설치상태 및 기능점검 실시 ▶ 보행자 통로를 구획하여 표시",1,5,5,하,,N,,현장반영후보,N,최초위험성평가 표준 모델 - 부개4구역.xlsx
RA-C10-BF63969BEF,Y,중흥건설,전기공사,"자재 반입, 가공, 운반","자재 반입, 가공, 운반",차량에 무리하게 올라가서 작업 중 운반차량에서 추락,추락,전기자재 하역중 운반차량에 무리하게 올라가지 않도록 관리감독 철저,4,4,16,상,,N,,기본검토,N,standard_model_rev05\source\최초위험성평가 표준 모델(배포용)_rev04_원본보존.xlsx
ACC-202410-221E66F698,Y,,전기공사,자재 운반,자재 운반,(사고사례) B동6층14번도크에 정차된 1톤트럭 적재함으로 케이블드럼을 굴려 상차중 드럼이 전도되어 재해자의 정강이에 충돌,협착,중량물 운반 시 무게에 따른 이동방법을 결정하고 인력운반이 어려울 경우에는 지게차를 사용할 것,4,4,16,상,24년10월 사고,Y,산업재해조사표 제출,산업재해조사표 제출,N,1. 사고사례 분석표.xlsx
ACC-202512-932F0ED22A,Y,,전기공사,자재 운반,자재 운반,(사고사례) 석고보드를 치우려다 석고보드가 넘어지면서 발등을 찍힘,전도,"중량물 취급시 도구 및 2인 1조 작업실시, 동종재해가 발생하지 않도록 전파교육 실시",4,4,16,상,25년12월 사고,Y,산업재해조사표 제출,산업재해조사표 제출,N,1. 사고사례 분석표.xlsx
ACC-202409-FF0F5B0796,Y,,전기공사,작업장 이동 및 작업,작업장 이동 및 작업,(사고사례) 근로자 휴게소에서 의자에 착성 중 뒤로 넘어가면서 바닥에 왼손으로 짚다가 어깨 골절 발생,전도,의자고정,4,4,16,상,24년09월 사고,Y,산업재해조사표 제출,산업재해조사표 제출,N,1. 사고사례 분석표.xlsx
ACC-202604-51BBDB67DA,Y,,전기공사,작업장 이동 및 작업,작업장 이동 및 작업,(사고사례) 생산동2층에서 작업 후 자상방지장갑을 낀 손으로 얼굴을 닦았는데 얼굴과 목이 화끈거렸다고 함 (알러지),기타,"작업 전 이동통로의 장애물과 요철을 확인·제거하고, 지정통로로 이동하며 전방을 주시한다.",4,4,16,상,26년04월 사고,Y,산업재해조사표 제출,산업재해조사표 제출,N,1. 사고사례 분석표.xlsx
ACC-202607-5591827D46,Y,,전기공사,작업장 이동 및 작업,작업장 이동 및 작업,(사고사례) 안전화에 물기가 묻은상태에서 사다리에서 저압반 상부로 넘어갈때 미끄러지며 추락,추락,"작업 전 이동통로의 장애물과 요철을 확인·제거하고, 지정통로로 이동하며 전방을 주시한다.",4,5,20,상,26년07월 사고,Y,산업재해조사표 제출,산업재해조사표 제출,N,1. 사고사례 분석표.xlsx
RA-E70-237628CE74,Y,중흥건설,전기공사,전기 설비 설치 작업,전기 설비 설치 작업,1. 이동식 비계 위에서 임시고정된 전선의 결속선 절단 중 몸의 중심을 잃고 바닥으로 추락 2. 천장 조명배관 설치 작업 중 이동식비계에서 내려오다가 바닥으로 추락,추락;절단·베임·찔림,이동식비계를 조립하여 작업 시 추락위험 방지를 위해 비계 상부에 안전난간 설치 ▶ 이동식비계에서 작업 시 안전대 부착설비 설치 및 안전대 착용 ▶ 근로자가 떨어질 위험이 있는 작업 시 안전모를 지급하고 안전모 턱끈 체결 등 개인보호구 올바른 착용 관리 철저,3,5,15,중,,N,,기본검토,N,standard_model_rev05\source\최초위험성평가 표준 모델(배포용)_rev04_원본보존.xlsx
RA-C30-D4D50C3F42,Y,,전기공사,전기 설비 설치 작업,전기 설비 설치 작업,2020년 1월경 OO공사에서 재해자가 이동식 사다리 아래에서 작업을 준비하던 중 사다리 고정핀에 걸어둔 해머드릴이 낙하하면서 재해자 얼굴에 맞아 사망,낙하·비래,근로자 출입금지구역 설정 등 낙하물 방지조치 실시 ▶ 상부 작업자는 휴대용 공구함을 착용하여 공구 적재,4,4,16,상,,N,,기본검토,N,standard_model_rev05\source\최초위험성평가 표준 모델(배포용)_rev04_원본보존.xlsx
RA-C90-FC514A7289,Y,중흥건설,전기공사,전기 설비 설치 작업,전기 설비 설치 작업,가로등에 올라가 암(arm) 교체작업을 하던 중 가로등이 지지력을 잃고 넘어지면서 지면으로 추락,추락,"노후화된 구조물에 승주하여 작업할 경우, 작업 전 구조물의 균열 및 내부 강선의 상태 등 안전성에 대한 안전성 평가 실시 후 넘어짐 방지 조치 실시",2,5,10,중,,N,,기본검토,N,standard_model_rev05\source\최초위험성평가 표준 모델(배포용)_rev04_원본보존.xlsx
RA-E60-820FE6AF6B,Y,중흥건설,전기공사,전기 설비 설치 작업,전기 설비 설치 작업,가설 변압기 전원 투입중 누설 전류에 의한 감전 사고,감전,"감전될 위험이 있는 작업 시, 해당 전로의 차단여부 확인 철저 ▶ 전압이 발생할 우려가 있는 경우 단락 접지기구를 이용하여 접지해야 함",1,5,5,하,,N,,현장반영후보,N,최초위험성평가 (인천 검단 중흥건설현장).xlsx
RA-E60-7EC59D2D29,Y,중흥건설,전기공사,전기 설비 설치 작업,전기 설비 설치 작업,가설 휀스 가설 분전반 설치 및 위치 수정중 케이블 손상에 의한 감전 사고,감전,"감전 위험이 있는 작업 시 절연용 보호구(AE형 안전모, 절연장갑, 절연화) 및 방호구를 통한 감전방지조치 실시 ▶ 충전전로 근접 시 전압에 따른 접근한계거리 준수 ▶ 아크폭발에 의한 화상 방지를 위한 방염처리된 작업복 또는 난연성능을 가진 작업복 착용 실시 및 준수",2,4,8,하,,N,,현장반영후보,N,최초위험성평가 (인천 검단 중흥건설현장).xlsx
RA-E70-4A666BC85C,Y,,전기공사,전기 설비 설치 작업,전기 설비 설치 작업,가설전등 점검 작업 중 전선에 접촉되어 감전,감전;부딪힘,감전 위험이 있는 작업 시 해당 전로 차단 실시 ▶ 작업 전 절연보호구 지급 및 착용상태 관리,2,4,8,하,,N,,현장반영후보,N,[SBL P6 OI Project] 최초위험성평가_부현전기.xlsx
RA-E60-8F8C16B80C,Y,중흥건설,전기공사,전기 설비 설치 작업,전기 설비 설치 작업,"계량기, 전기판넬 교체중 충전부에 접촉 감전",감전;부딪힘,"계량기 전기 판넬 교체중 충전부 방호조치, 절연장갑 등 보호구 착용하고 작업 실시",2,4,8,하,,N,,기본검토,N,standard_model_rev05\source\최초위험성평가 표준 모델(배포용)_rev04_원본보존.xlsx
RA-C30-F0919962C9,Y,중흥건설,전기공사,전기 설비 설치 작업,전기 설비 설치 작업,"고소작업대(차량탑재형)의 작업대에 탑승 후 교량하부에 설치된 가로등을 교체하는 작업 도중, 운전자가 하강버튼을 눌렀으나 오작동으로 인해 작업대가 상승하면서 재해자가 교량 하부에 협착함",끼임·협착,작업 시작전 안전장치의 정상작동 여부 사전점검 ▶ 작업대 상단부에 과상승방지장치 추가 설치 ▶ 작업자와 운전자의 신호체계 확립,3,5,15,중,,N,,기본검토,N,standard_model_rev05\source\최초위험성평가 표준 모델(배포용)_rev04_원본보존.xlsx
RA-M10-40519A2DA1,Y,,전기공사,전기 설비 설치 작업,전기 설비 설치 작업,공장신축현장에서 전기실 부스덕트 설치작업 중 아크 발생으로 부상(화상),감전,"감전 위험이 있는 작업 시 절연용 보호구(AE형 안전모, 절연장갑, 절연화) 및 방호구를 통한 감전방지조치 실시 ▶ 충전전로 근접 시 전압에 따른 접근한계거리 준수 ▶ 아크폭발에 의한 화상 방지를 위한 방염처리된 작업복 또는 난연성능을 가진 작업복 착용 실시 및 준수",3,4,12,중,,N,,기본검토,N,standard_model_rev05\source\최초위험성평가 표준 모델(배포용)_rev04_원본보존.xlsx
RA-E70-F3F3C52C3B,Y,중흥건설,전기공사,전기 설비 설치 작업,전기 설비 설치 작업,근린생활시설 신축공사 현장에서 지하3층 가설전등 점검 작업 중 전선에 접촉되어 감전,감전;부딪힘,감전 위험이 있는 작업 시 해당 전로 차단 실시 ▶ 작업 전 절연보호구 지급 및 착용상태 관리,3,4,12,중,,N,,기본검토,N,standard_model_rev05\source\최초위험성평가 표준 모델(배포용)_rev04_원본보존.xlsx
RA-E70-278D86B564,Y,중흥건설,전기공사,전기 설비 설치 작업,전기 설비 설치 작업,등기구 설치 작업중 사다리에서 추락,추락,등기구 설치시 이동식비계 등으로 작업발판 설치후 작업 실시,3,5,15,중,,N,,기본검토,N,standard_model_rev05\source\최초위험성평가 표준 모델(배포용)_rev04_원본보존.xlsx
RA-E60-3B317BDADD,Y,중흥건설,전기공사,전기 설비 설치 작업,전기 설비 설치 작업,배전반 내부 변류기와 변압기 오차 측정을 위해 시험용 전선 연결중 활선상태의 부스바에 접촉하여 감전,감전;부딪힘,"감전될 위험이 있는 작업 시, 해당 충전전로의 정전상태 확인 준수 ▶ 특별고압 충전전로에 대한 접근한계거리 확보 준수",3,5,15,중,,N,,기본검토,N,standard_model_rev05\source\최초위험성평가 표준 모델(배포용)_rev04_원본보존.xlsx
RA-E60-661F7811DE,Y,중흥건설,전기공사,전기 설비 설치 작업,전기 설비 설치 작업,변압기 전기설비 작업중 전기 설비에 협착,끼임·협착,변압기 전기설비 설치중 작업 절차에 따라 안전하게 작업실시,2,4,8,하,,N,,기본검토,N,standard_model_rev05\source\최초위험성평가 표준 모델(배포용)_rev04_원본보존.xlsx
RA-C30-666815D9C9,Y,중흥건설,전기공사,전기 설비 설치 작업,전기 설비 설치 작업,사다리를 통해 내려오던 중 사다리 전도에 의해 바닥으로 추락,추락;넘어짐·전도,"지지각재, 로프 등 사다리 상〮하부 고정을 통한 사다리 전도방지 조치 실시 ▶ 고소작업대, 3종 안전대 체결 등을 통한 추락방지조치 실시",3,5,15,중,,N,,기본검토,N,standard_model_rev05\source\최초위험성평가 표준 모델(배포용)_rev04_원본보존.xlsx
RA-M10-57F4F250DF,Y,중흥건설,전기공사,전기 설비 설치 작업,전기 설비 설치 작업,수배전반(큐비클) 상부에서 덕트 덮개 설치 중 단부로 추락,추락,"2m이상의 고소작업시 안전한 작업발판을 설치 후 작업 실시 - 비계, 이동식 틀비계, 말비계, 고소작업대(시저형) 사용 ▶ 고소작업시 작업자의 불안전한 행동 금지(작업발판 이외의 장소에서 발을 딛고 작업) ▶ 작업발판의 설치가 어려울경우 작업자는 안전대를 체결",4,5,20,상,,N,,기본검토,N,standard_model_rev05\source\최초위험성평가 표준 모델(배포용)_rev04_원본보존.xlsx
RA-E60-221D8A6C1B,Y,중흥건설,전기공사,전기 설비 설치 작업,전기 설비 설치 작업,수배전실 내 계량기 설치를 위해 멀티테스트기로 전류테스트 중 과전류로 인한 아크폭발 발생으로 부상(화상),감전;화재·폭발,"감전 위험이 있는 작업 시 절연용 보호구(AE형 안전모, 절연장갑, 절연화) 및 방호구를 통한 감전방지조치 실시 ▶ 충전전로 근접작업 시 전압에 따른 접근한계거리 준수 ▶ 아크폭발에 의한 화상 방지를 위한 방염처리된 작업복 또는 난연성능을 가진 작업복 착용 실시 및 준수",3,4,12,중,,N,,기본검토,N,standard_model_rev05\source\최초위험성평가 표준 모델(배포용)_rev04_원본보존.xlsx
RA-E60-66A71960F6,Y,,전기공사,전기 설비 설치 작업,전기 설비 설치 작업,수변전실 모뎀 교체를 위해 수변전반(패널) 내부 수평재를 딛고 올라서서 작업 중 몸의 중심을 잃고 신체의 일부가 패널 내부 전력퓨즈와 접촉하며 감전,감전;부딪힘,특고압에 노출되어 감전 위험이 있는 작업 시 충전부에 절연효과가 있는 방호망이나 절연덮개 설치 및 절연물을 통한 감전 방호 조치 실시 등 감전방지조치 실시 ▶ 작업여건상 해당 조치가 어려운 경우 해당 전로의 전원 차단 실시,1,5,5,하,,N,,현장반영후보,N,[SBL P6 OI Project] 최초위험성평가_부현전기.xlsx
RA-F20-715BCD7EBA,Y,중흥건설,전기공사,전기 설비 설치 작업,전기 설비 설치 작업,아파트 신축현장에서 지하층 천장 소방배관의 누전 여부를 확인하기 위해 A형 사다리에 올라 확인하는 과정에서 누전된 소방배관에 접촉되어 감전,감전;부딪힘,감전 위험이 있는 작업 시 해당 전로 차단 실시 ▶ 작업 전 절연보호구 지급 및 착용상태 관리 ▶ 추락 위험이 있는 작업 시 안전대 부착설비 설치를 통한 안전방호조치 실시,4,4,16,상,,N,,기본검토,N,standard_model_rev05\source\최초위험성평가 표준 모델(배포용)_rev04_원본보존.xlsx
RA-M10-5312F521AF,Y,중흥건설,전기공사,전기 설비 설치 작업,전기 설비 설치 작업,아파트 전력분배 시스템(부스덕트)에 발생한 오류를 점검하기 위해 통전상태인 부스덕트에 플러그인박스를 탈착하는 과정에서 사용중이던 드라이버가 충전부에 접촉하는 순간 지락으로 인한 전기아크가 발생하여 화상,감전;부딪힘,"작업구간 인접하여 설치되어 있던 부스바는 활선 상태인 경우 덮개를 통한 임시 절연조치 실시 ▶ 충전전로 인근 작업 시 충전전로 정전, 충전부 절연덮개 등을 통한 안전조치 실시",4,4,16,상,,N,,기본검토,N,standard_model_rev05\source\최초위험성평가 표준 모델(배포용)_rev04_원본보존.xlsx
RA-C30-AD0938E014,Y,중흥건설,전기공사,전기 설비 설치 작업,전기 설비 설치 작업,안전난간이 미설치된 이동식 비계 위에서 임시고정된 전선의 결속선 절단 중 몸의 중심을 잃고 바닥으로 추락,추락;절단·베임·찔림,이동식비계를 조립하여 작업 시 추락위험 방지를 위해 비계 상부에 안전난간 설치 ▶ 이동식비계에서 작업 시 안전대 부착설비 설치 및 안전대 착용 ▶ 근로자가 떨어질 위험이 있는 작업 시 안전모를 지급하고 안전모 턱끈 체결 등 개인보호구 올바른 착용 관리 철저,2,5,10,중,,N,,기본검토,N,standard_model_rev05\source\최초위험성평가 표준 모델(배포용)_rev04_원본보존.xlsx
RA-C90-7AE4642F8F,Y,중흥건설,전기공사,전기 설비 설치 작업,전기 설비 설치 작업,압착기 사용 시 근로자의 손가락 협착 위험,끼임·협착,압착기를 사용 할 때 압착 시를 제외하고 동작버튼에 손을 올려두지 않는다. ▶ 압착 시 압착하는 손과 다른 손은 압착부위에서 5Cm 이상 거리를 두고 잡는다.,2,4,8,하,,N,,기본검토,N,standard_model_rev05\source\최초위험성평가 표준 모델(배포용)_rev04_원본보존.xlsx
RA-C90-0009C6ABF1,Y,중흥건설,전기공사,전기 설비 설치 작업,전기 설비 설치 작업,운휴 전기설비 해체 작업중 충전 설비에 접촉,부딪힘,"전기설비 해체시 사전에 전기의 통전 여부 확인, 전기 차단후 작업 실시",2,5,10,중,,N,,기본검토,N,standard_model_rev05\source\최초위험성평가 표준 모델(배포용)_rev04_원본보존.xlsx
RA-E60-DE1ACD4778,Y,중흥건설,전기공사,전기 설비 설치 작업,전기 설비 설치 작업,전기 분전반 설치 작업중 충전부 전기 스파크에 의한 화재,감전;화재·폭발,"전기 분전반 설치중 충전부 전기 스파크로 인한 화재방지위해 인화성 물질 격리, 소화기 비치",3,3,9,중,,N,,기본검토,N,standard_model_rev05\source\최초위험성평가 표준 모델(배포용)_rev04_원본보존.xlsx
RA-C90-FEA3867F34,Y,중흥건설,전기공사,전기 설비 설치 작업,전기 설비 설치 작업,전기 설비작업을 위해 전신주에 올라 이동중 몸의 중심을 잃고 추락,추락,"추락 위험이 있는 전주작업 시, 고소작업대(차량탑재형), 활선버켓차 등을 이용한 작업방법 우선 고려 ▶ 작업 전 안전대 부착설비의 안전대 체결을 위한 보조훅, 보조죔줄 지급 및 착용상태 관리",3,5,15,중,,N,,기본검토,N,standard_model_rev05\source\최초위험성평가 표준 모델(배포용)_rev04_원본보존.xlsx
RA-E60-C66D3C5114,Y,중흥건설,전기공사,전기 설비 설치 작업,전기 설비 설치 작업,전기 차단기 점검중 충전전류로 인한 감전,감전,전기 차단기 점검시 통전전류 차단후 또는 충전부 방호 조치후 점검 실시,2,5,10,중,,N,,기본검토,N,standard_model_rev05\source\최초위험성평가 표준 모델(배포용)_rev04_원본보존.xlsx
RA-E60-AFC46D435E,Y,중흥건설,전기공사,전기 설비 설치 작업,전기 설비 설치 작업,전기 판넬 교체 작업중 판넬이 전도되면서 협착,끼임·협착;넘어짐·전도,전기판넬 설치시 전도되지 않도록 안전하게 적재,2,3,6,하,,N,,기본검토,N,standard_model_rev05\source\최초위험성평가 표준 모델(배포용)_rev04_원본보존.xlsx
RA-C90-C8F6306C3B,Y,중흥건설,전기공사,전기 설비 설치 작업,전기 설비 설치 작업,전기계량기 설치 작업중 전기 스파크 등에 의한 폭발,화재·폭발,전기계량기 설치시 주변 폭발 위험성 물질 제거후 작업 실시,3,4,12,중,,N,,기본검토,N,standard_model_rev05\source\최초위험성평가 표준 모델(배포용)_rev04_원본보존.xlsx
RA-C00-42C397475F,Y,중흥건설,전기공사,전기 설비 설치 작업,전기 설비 설치 작업,전기설비 작업중 개인보호구 미착용으로 부딪히거나 감전발생,감전;부딪힘,"전기설비 설치 작업중에는 안전모, 절연복 등 개인보호구 착용 철저",1,4,4,하,,N,,기본검토,N,standard_model_rev05\source\최초위험성평가 표준 모델(배포용)_rev04_원본보존.xlsx
RA-C90-AAA5F9E9C0,Y,,전기공사,전기 설비 설치 작업,전기 설비 설치 작업,전주에 승주하여 전기인입작업 중 전선에 감전,감전,"감전될 위험이 있는 작업 시, 해당 전로의 차단여부 확인 철저 ▶ 전압이 발생할 우려가 있는 경우 단락 접지기구를 이용하여 접지해야 함",4,5,20,상,,N,,기본검토,N,standard_model_rev05\source\최초위험성평가 표준 모델(배포용)_rev04_원본보존.xlsx
RA-E60-2B457B002F,Y,중흥건설,전기공사,전기 설비 설치 작업,전기 설비 설치 작업,지붕 샌드위치판넬 위에서 전선 배관 설치 작업 중 지붕 샌드위치판넬이 탈락되면서 추락,추락,"지붕상부로 이동시 고소작업대(차량탑재형, 시저형) 또는 고정용 수직사다리를 이용하여 안전하게 이동 - 고정용 수직사다리를 이용시 작업자는 안전대를 체결 ▶ 지붕상부에서 이동시 60cm이상의 발판을 설치하여 이동통로를 구획(사전작업계획 수립) - 채광창(썬라이트)상부에 견고한 발판을 설치 ▶ 지붕상부에 자재 과적재 금지 ▶ 지붕 단부에는 안전난간대를 설치하여 단부에서의 추락방지조치 실시 ▶ 지붕작업 전 지붕하단에는 추락방지망을 설치 후 작업실시 ▶ 지붕해체 및 보수 작업자는 안전대를 체결한 상태로 작업실시",3,5,15,중,,N,,기본검토,N,standard_model_rev05\source\최초위험성평가 표준 모델(배포용)_rev04_원본보존.xlsx
RA-E60-5BDB81CDD5,Y,중흥건설,전기공사,전기 설비 설치 작업,전기 설비 설치 작업,지하층 수변전실 모뎀 교체를 위해 수변전반(패널) 내부 수평재를 딛고 올라서서 작업 중 몸의 중심을 잃고 신체의 일부가 패널 내부 전력퓨즈와 접촉하며 감전,감전;부딪힘,특고압에 노출되어 감전 위험이 있는 작업 시 충전부에 절연효과가 있는 방호망이나 절연덮개 설치 및 절연물을 통한 감전 방호 조치 실시 등 감전방지조치 실시 ▶ 작업여건상 해당 조치가 어려운 경우 해당 전로의 전원 차단 실시,3,5,15,중,,N,,기본검토,N,standard_model_rev05\source\최초위험성평가 표준 모델(배포용)_rev04_원본보존.xlsx
RA-E80-36A65F9D3C,Y,,전기공사,전기 설비 설치 작업,전기 설비 설치 작업,차량탑재형 고소작업대를 이용해 통신선 설치작업을 하던 중 폐기물 수집운반차량이 고소작업대 밑을 지나가면서 고소작업대 붐을 추돌하여 작업대에 탑승해 있던 재해가 바닥으로 추락,추락,"작업 시작전 안전장치의 정상작동 여부 사전점검 ▶ 작업 시작전 작업계획서 작성 - 지반상태의 사전조사, 고소작업대의 제원(최대 작업능력)검토, 작업방법 계획수립 ▶ 아웃트리거 최대로 확장하고 견고한 지반에 안착 (하부 깔목 설치) - 아웃트리거는 보도블럭 및 맨홀 그레이팅 등 불안전한 지반에 안착 금지 (필요시 추가 보강조치 실시) ▶ 붐대 최대 인출에 따른 아웃트리거 확장상태 검토 ▶ 작업범위내 접근금지 조치 및 신호수 배치 - 인접 작업 및 통행차로에 대한 접근금지 조치(차선변경 신호 등)",4,5,20,상,,N,,기본검토,N,standard_model_rev05\source\최초위험성평가 표준 모델(배포용)_rev04_원본보존.xlsx
RA-E80-D9D86247E3,Y,중흥건설,전기공사,전기 설비 설치 작업,전기 설비 설치 작업,차량탑재형 고소작업대를 이용해 통신선 설치작업을 하던 중 폐기물 수집운반차량이 고소작업대 밑을 지나가면서 고소작업대 붐을 추돌하여 작업대에 탑승해 있던 재해자가 바닥으로 추락,추락,"작업 시작전 안전장치의 정상작동 여부 사전점검 ▶ 작업 시작전 작업계획서 작성 - 지반상태의 사전조사, 고소작업대의 제원(최대 작업능력)검토, 작업방법 계획수립 ▶ 아웃트리거 최대로 확장하고 견고한 지반에 안착 (하부 깔목 설치) - 아웃트리거는 보도블럭 및 맨홀 그레이팅 등 불안전한 지반에 안착 금지 (필요시 추가 보강조치 실시) ▶ 붐대 최대 인출에 따른 아웃트리거 확장상태 검토 ▶ 작업범위내 접근금지 조치 및 신호수 배치 - 인접 작업 및 통행차로에 대한 접근금지 조치(차선변경 신호 등)",1,5,5,하,,N,,현장반영후보,N,[SBL P6 OI Project] 최초위험성평가_부현전기.xlsx
RA-C30-F4360543FB,Y,중흥건설,전기공사,전기 설비 설치 작업,전기 설비 설치 작업,창고 전기계량기 이설을 위하여 이동식사다리 위에서 창고 외벽 전선 고정 작업 중 전선에 접촉되어 감전,감전;부딪힘,감전 위험이 있는 작업 시 해당 전로 차단 실시 ▶ 작업 전 절연보호구 지급 및 착용상태 관리 ▶ 추락 위험이 있는 작업 시 안전대 부착설비 설치를 통한 안전방호조치 실시,4,5,20,상,,N,,기본검토,N,standard_model_rev05\source\최초위험성평가 표준 모델(배포용)_rev04_원본보존.xlsx
RA-E70-014C91115E,Y,중흥건설,전기공사,전기 설비 설치 작업,전기 설비 설치 작업,천장 조명배관 설치 작업 중 이동식비계에서 내려오다가 바닥으로 추락,추락,이동식비계를 조립하여 작업 시 추락위험 방지를 위해 비계 상부에 안전난간 설치 ▶ 이동식비계에서 작업 시 안전대 부착설비 설치 및 안전대 착용 ▶ 근로자가 떨어질 위험이 있는 작업 시 안전모를 지급하고 안전모 턱끈 체결 등 개인보호구 올바른 착용 관리 철저,3,5,15,중,,N,,기본검토,N,standard_model_rev05\source\최초위험성평가 표준 모델(배포용)_rev04_원본보존.xlsx
RA-C40-290AD762F3,Y,중흥건설,전기공사,전기 설비 설치 작업,전기 설비 설치 작업,크레인으로 발전기 등 중량물 반입중 인양로프가 끊어지면서 중량물 낙하,낙하·비래,발전기 인양시 인양로프는 견고한 것 사용,2,5,10,중,,N,,기본검토,N,standard_model_rev05\source\최초위험성평가 표준 모델(배포용)_rev04_원본보존.xlsx
RA-C90-8508A09D58,Y,중흥건설,전기공사,전기 설비 설치 작업,전기 설비 설치 작업,"할석 작업중 비산물에 의한 안구 손상 위험, 공도구 사용중 감전 사고 위험",낙하·비래;감전,근로자 보안경 착용 철저 ▶ 공도구 사용전 공도구 접검 및 접지 상태 확인후 작업 진행,2,5,10,중,,N,,현장반영후보,N,최초위험성평가 (인천 검단 중흥건설현장).xlsx
RA-C90-1E633B1300,Y,,전기공사,전기 특고압선로 활선 및 전주시공,전기 특고압선로 활선 및 전주시공,1. 전신주 상부로 올라가 전기인입 작업 중 바닥으로 추락 2. 전신주에 승주하여 전선 철거작업 진행 중 전신주 하단부 파단 및 전도에 의해 지면으로 추락,추락;넘어짐·전도,"추락 위험이 있는 전주작업 시, 고소작업대(차량탑재형), 활선버켓차 등을 이용한 작업방법 우선 고려 ▶ 작업 전 기능점검을 통한 승강설비(작업발판 볼트)의 이상 유무 확인 ▶ 전주 승하강시 안전대 체결 상태 유지 ▶ 전주 승하강용 개인보호구의 사용법 준수",4,5,20,상,,N,,기본검토,N,standard_model_rev05\source\최초위험성평가 표준 모델(배포용)_rev04_원본보존.xlsx
RA-E50-7DFFD65209,Y,,전기공사,전기 특고압선로 활선 및 전주시공,전기 특고압선로 활선 및 전주시공,고소작업대(차량탑재형)의 작업대에 작업자가 탑승하여 통신케이블 포설 후 버켓 하강 중 턴테이블 체결볼트 파단에 의해 붐대가 전도되며 함께 추락,추락;넘어짐·전도,고소작업대의 임의 개조 금지 ▶ 작업범위 사전 확인 및 사용제원 검토 ▶ 고소작업대(차량탑재형)의 주기적 안전검사 실시 (2년단위) ▶ 턴테이블 및 붐대 연결부 등 취약부위 수시점검 - 체결핀의 노후화 및 균열상태 등 작업 시작전 확인,3,5,15,중,,N,,기본검토,N,standard_model_rev05\source\최초위험성평가 표준 모델(배포용)_rev04_원본보존.xlsx
RA-C90-FA0B93029B,Y,,전기공사,전기 특고압선로 활선 및 전주시공,전기 특고압선로 활선 및 전주시공,고압활선 작업시 절연모 절연복 등 미착용으로 접속 감전,감전,"고압활선 작업시 절연모, 절연복 등 개인보호구 착용",2,5,10,중,,N,,기본검토,N,standard_model_rev05\source\최초위험성평가 표준 모델(배포용)_rev04_원본보존.xlsx
RA-C90-EACF3E9C71,Y,,전기공사,전기 특고압선로 활선 및 전주시공,전기 특고압선로 활선 및 전주시공,고압활선 작업시 절연용 기계기구 미사용으로 작업중 감전,감전,고압활선 작업시 절연용 기계기구사용,2,4,8,하,,N,,기본검토,N,standard_model_rev05\source\최초위험성평가 표준 모델(배포용)_rev04_원본보존.xlsx
RA-C90-05040EB872,Y,,전기공사,전기 특고압선로 활선 및 전주시공,전기 특고압선로 활선 및 전주시공,고압활선 작업을 하면서 활선작업용 대차를 사용하지 않고 전주에서 작업중 감전,감전,고압활선 작업시 활선작업용 대차사용,1,5,5,하,,N,,기본검토,N,standard_model_rev05\source\최초위험성평가 표준 모델(배포용)_rev04_원본보존.xlsx
RA-E60-B8C0B2B29F,Y,,전기공사,전기 특고압선로 활선 및 전주시공,전기 특고압선로 활선 및 전주시공,공장 변압기(225kVA) 교체를 위해 변압기 위에 올라서서 작업 중 특고압 충전부에 감전,감전,특고압에 노출되어 감전 위험이 있는 작업 시 충전부에 절연효과가 있는 방호망이나 절연덮개 설치 및 절연물을 통한 감전 방호 조치 실시 등 감전방지조치 실시 ▶ 작업여건상 해당 조치가 어려운 경우 해당 전로의 전원 차단 실시,3,5,15,중,,N,,기본검토,N,standard_model_rev05\source\최초위험성평가 표준 모델(배포용)_rev04_원본보존.xlsx
RA-E20-44DEB3B90F,Y,,전기공사,전기 특고압선로 활선 및 전주시공,전기 특고압선로 활선 및 전주시공,"송전철탑의 상단부에서 피뢰기 설치 및 압축인류크램프, 점퍼소켓 교체작업 등 상단부에서 작업 및 승하강시 실족하여 바닥으로 추락",추락;넘어짐·전도,철탑 세우기전 지상에서 각 부재에 안전대 걸이설비를 사전 부착 - 주각 스텝볼트 상태 점검 및 안전로프 설치 - 수평재(암) 안전대 걸이설비 설치 등 지상에서 선조립 ▶ 철탑의 승하강 통로 및 수평재(암)상단부 작업자는 안전대를 체결한 상태로 작업실시 ▶ 10m 높이마다 추락방지망(주각 내부) 및 낙하물방지망(주각 외부)을 설치,3,5,15,중,,N,,기본검토,N,standard_model_rev05\source\최초위험성평가 표준 모델(배포용)_rev04_원본보존.xlsx
RA-M10-2377D7D4CA,Y,,전기공사,전기 특고압선로 활선 및 전주시공,전기 특고압선로 활선 및 전주시공,옹벽 위에 설치되어 기존 건물로 연결되는 고압 케이블 덕트 덮개 해체 후 지상에 있는 동료작업자에게 전달하는 과정에서 몸의 균형을 잃고 바닥으로 추락,추락,"개구부 덮개를 열고 자재를 전달 및 반입시 근로자는 안전대를 체결후 작업 실시 ▶ 옹벽 단부에서 작업시, 단부에는 안전난간대를 설치",4,4,16,상,,N,,기본검토,N,standard_model_rev05\source\최초위험성평가 표준 모델(배포용)_rev04_원본보존.xlsx
RA-C30-19A7CE696F,Y,,전기공사,전기 특고압선로 활선 및 전주시공,전기 특고압선로 활선 및 전주시공,외부 비계발판 위에서 활선 작업(전신주에서 분기한 전선을 건물로 인입하는 작업) 중 추락,추락,"외부 강관비계 설치 및 사용시 안전사항 준수 - 비계 작업발판은 틈새가 없도록 설치 - 비계의 안전난간은 내,외측 둘다 설치를 하고 작업 - 마감작업 등으로 인해 내측 난간대를 해체시, 작업자는 안전대를 체결 - 승강로 설치(2열 작업발판 : 가설계단 설치, 1열 작업발판 : 수직사다리+해치형 발판)",3,5,15,중,,N,,기본검토,N,standard_model_rev05\source\최초위험성평가 표준 모델(배포용)_rev04_원본보존.xlsx
RA-C40-D812FE2C38,Y,,전기공사,전기 특고압선로 활선 및 전주시공,전기 특고압선로 활선 및 전주시공,이동식크레인의 적재함에 실려 있는 전신주를 하역하기 위해 크레인 훅에 걸려진 줄걸이용 와이어로프를 전신주에 체결하고 수평으로 무게 중심을 잡던 중 함께 실려 있던 강관주가 적재함에서 미끄러지며 낙하,낙하·비래;넘어짐·전도,"적재함내의 자재를 양중시, 양중물과 적재함 자재와 분리한 후 양중 (엉켜있는 자재는 제거 후 양중작업 실시) - 양중시 지상에서 50cm 띄운후 줄걸이 고정상태 사전 확인 후 양중 ▶ 인양물을 양중시 작업반경내 근로자 접근통제",4,4,16,상,,N,,기본검토,N,standard_model_rev05\source\최초위험성평가 표준 모델(배포용)_rev04_원본보존.xlsx
RA-C90-B8C07CEB57,Y,,전기공사,전기 특고압선로 활선 및 전주시공,전기 특고압선로 활선 및 전주시공,접촉에 따른 감전위험이 있는 고압선에 방호관 미설치로 작업중 접촉 감전,감전;부딪힘,접촉위험이 있는 고압선에 방호관 설치,2,4,8,하,,N,,기본검토,N,standard_model_rev05\source\최초위험성평가 표준 모델(배포용)_rev04_원본보존.xlsx
RA-E50-E2B629EC15,Y,,전기공사,전기 특고압선로 활선 및 전주시공,전기 특고압선로 활선 및 전주시공,케이블 포설작업을 위해 윈치 조작 중 로프가 도르래의 이탈로 인한 근로자 강타 및 레일로 추락,추락,"케이블 견인작업 시 작업장소 주변 근로자 출입통제 실시 ▶ 윈치(엔진플러)사용전 기능검사 실시 - 도르래에 로프의 이탈여부, 로프의 파단상태 등",3,5,15,중,,N,,기본검토,N,standard_model_rev05\source\최초위험성평가 표준 모델(배포용)_rev04_원본보존.xlsx
RA-C40-AA7C926B5A,Y,,전기공사,전기 특고압선로 활선 및 전주시공,전기 특고압선로 활선 및 전주시공,특고압 선로에서 이동식크레인 작업시 붐대가 전선에 접촉되어 감전,감전;부딪힘,특고압 인근에서 이동식크레인 등 사용시 관리감독자를 배치하여 고압선에 접근 한계 거리 유지,3,4,12,중,,N,,기본검토,N,standard_model_rev05\source\최초위험성평가 표준 모델(배포용)_rev04_원본보존.xlsx
RA-C90-F0A19D62C0,Y,,전기공사,전기 특고압선로 활선 및 전주시공,전기 특고압선로 활선 및 전주시공,활선 및 활선 근접 작업시 관리감독자 없이 근로자 단독으로 작업중 감전,감전,고압활선 작업시 관리감독자 배치하여 지휘 감독,2,4,8,하,,N,,기본검토,N,standard_model_rev05\source\최초위험성평가 표준 모델(배포용)_rev04_원본보존.xlsx
RA-C20-6F90D084FA,Y,,전기공사,접지 작업,접지 작업,E/V PIT 굴착부에서 추락,추락,작업 전 주변 정돈 및 단부 근처에 작업 금지,2,4,8,하,,N,,현장반영후보,N,최초위험성평가 표준 모델 - 부개4구역.xlsx
RA-E20-B03CDF61BA,Y,,전기공사,접지 작업,접지 작업,기초 철근 위에서 이동 중 발 빠짐으로 인한 전도 위험,넘어짐·전도,철근 위 이동 전 안전발판 및 안전시설 설치 요청 및 설치 확인 후 안전발판으로 통행한다.,4,1,4,하,,N,,현장반영후보,N,최초위험성평가 표준 모델 - 부개4구역.xlsx
RA-E20-F2A4DE250E,Y,,전기공사,접지 작업,접지 작업,나동선 절단 작업 시 끝부분에 의한 찔림 위험,절단·베임·찔림,2인 1조로 나동선 고정 후 절단 작업,4,1,4,하,,N,,현장반영후보,N,최초위험성평가 표준 모델 - 부개4구역.xlsx
RA-E20-2F5E0B5B89,Y,,전기공사,접지 작업,접지 작업,접지도선 포설 시 파일 두부 및 집수정 주변 단차에 의한 넘어짐 위험,넘어짐·전도,"작업 전 작업구간 정리 및 위험구간 전파, 2인 1조 작업 실시, 이동 시 주변 확인 후 작업",2,4,8,하,,N,,현장반영후보,N,최초위험성평가 표준 모델 - 부개4구역.xlsx
RA-E20-1A61B1244A,Y,,전기공사,접지 작업,접지 작업,접지봉·나동선·GV케이블 등 중량물 수작업 운반 중 근골격계 질환 유발,근골격계,"1톤 차량 또는 대차 우선 사용, 중량물 2인 1조 운반, 운반 전 이동동선 확인, 무리한 단독 운반 금지, 작업전중후로 어깨, 허리, 무릎, 손목 스트레칭 실시",4,1,4,하,,N,,현장반영후보,N,최초위험성평가 표준 모델 - 부개4구역.xlsx
RA-E20-4F1DF31A84,Y,,전기공사,접지 작업,접지 작업,협소공간내 부자연스러운 자세로 장시간 작업시 근골격계 질환 유발,근골격계,"무리한 작업 지양하고, 부적절한 자세 교정을 위한 지도 및 조언, 작업 중 스트레칭 및 휴식시간 정기적으로 실시",4,2,8,하,,N,,현장반영후보,N,최초위험성평가 표준 모델 - 부개4구역.xlsx
ACC-202304-54EA89DA94,Y,,전기공사,지게차,지게차,(사고사례) 지게차와 재해자 손가락의 협착,협착,"지게차 이동구간과 보행통로를 분리하고 유도자를 배치하며, 적재물 주변에 근로자가 접근하지 않도록 통제한다.",4,4,16,상,23년04월 사고,Y,산업재해조사표 제출,산업재해조사표 제출,N,1. 사고사례 분석표.xlsx
RA-C90-74C7566577,Y,,전기공사,지장물 이설,지장물 이설,전주 위에서 전선 이설작업 후 지상으로 내려오던 중 몸의 균형을 잃고 바닥으로 추락,추락,"전주로의 승하강 시, 발판볼트, 고소작업차, 안전대부착설비 등 추락방지조치 실시 ▶ 작업 전 안전대 지급 및 체결상태 관리",3,5,15,중,,N,,기본검토,N,standard_model_rev05\source\최초위험성평가 표준 모델(배포용)_rev04_원본보존.xlsx
RA-E20-19519A66A7,Y,,전기공사,지장물 이설,지장물 이설,철탑 점검 완료 후 손으로 접지선 분리 후 인접활선에서 유도된 전류에 의해 감전,감전,"감전 위험이 있는 작업 시, 절연장갑, 절연용 보호구 등 지급 및 착용상태 관리 ▶ 활선작업용 장치(고소작업대차 등), 안전대 부착설비 등의 안전방호조치 실시 ▶ 활선 인근에서 작업 시, 감전방지를 위해 적정 이격거리 준수 ▶ 감전 위험이 있는 작업 시, 배선의 절연조치, 충전부 방호조치 등 안전방호조치 실시",3,5,15,중,,N,,기본검토,N,standard_model_rev05\source\최초위험성평가 표준 모델(배포용)_rev04_원본보존.xlsx
ACC-202311-F9B9240AC0,Y,,전기공사,질병,질병,(사고사례) 심장질환 (지병:부정맥),기타,"작업 전 위험요인을 확인하고 작업방법과 안전수칙을 교육한 뒤, 관리감독자가 이행상태를 점검한다.",4,4,16,상,23년11월 사고,Y,산업재해조사표 제출,산업재해조사표 제출,N,1. 사고사례 분석표.xlsx
ACC-202403-8FCCE30985,Y,,전기공사,질병,질병,"(사고사례) 현장 지하주차장에서 근로자 근로자가 근로중 타 근로자의 자재(트레이)를 운반작업을 돕다가 3일 뒤() 목, 어깨, 허리, 발복에 염좌가 발생했다고 주장",근골격,1. 신규 입사자에 대한 안전교육 실시 2. 근골격계질환 예방을 위한 작업 전 체조 실시,4,4,16,상,24년03월 사고,Y,산업재해조사표 제출,산업재해조사표 제출,N,1. 사고사례 분석표.xlsx
RA-C90-134E672DBC,Y,중흥건설,전기공사,철거 및 해체,철거 및 해체,설비 철거 준비 작업 중 전선을 펜치로 절단하다 감전,감전;절단·베임·찔림,전기 작업 시 해당 전도 차단 후 작업 실시 ▶ 근로자에게 적합한 절연용 보호구 지급,3,4,12,중,,N,,기본검토,N,standard_model_rev05\source\최초위험성평가 표준 모델(배포용)_rev04_원본보존.xlsx
RA-C90-9D83A383F4,Y,중흥건설,전기공사,철거 및 해체,철거 및 해체,전기설비 및 계단 등 해체작업을 하던 중 몸의 중심을 잃고 추락,추락,"개구부 등 추락단부 안전난간대 설치 등 추락방호조치 실시 ▶ 근로자의 개인보호구, 안전대 체결여부 점검 및 관리감독",3,4,12,중,,N,,기본검토,N,standard_model_rev05\source\최초위험성평가 표준 모델(배포용)_rev04_원본보존.xlsx
RA-C90-9CD62C79B0,Y,중흥건설,전기공사,철거 및 해체,철거 및 해체,전주에 남아있는 전기 인입전선을 해체하기 위해 전주의 스텝볼트를 밟고 올라가던 중 바닥으로 추락,추락,"고소작업대차 사용 등 적절한 작업방법 검토 ▶ 근로자 개인보호구, 안전대 체결여부 점검 및 관리감독",3,5,15,중,,N,,기본검토,N,standard_model_rev05\source\최초위험성평가 표준 모델(배포용)_rev04_원본보존.xlsx
RA-C40-50DA192C24,Y,중흥건설,전기공사,철거 및 해체,철거 및 해체,크레인으로 전주 해체작업을 하던 중 크레인 훅에서 와이어로프가 이탈되어 전주가 낙하하면서 주변에 있던 재해자 두부 강타,낙하·비래,전주형상에 맞게 2줄 이상의 와이어로프를 체결한 후 인양작업 실시 ▶ 훅 해지장치의 설치유무 점검 및 작업반경 내 작업자의 접근 금지조치,3,5,15,중,,N,,기본검토,N,standard_model_rev05\source\최초위험성평가 표준 모델(배포용)_rev04_원본보존.xlsx
ACC-202404-084769272B,Y,,전기공사,커팅작업,커팅작업,(사고사례) 전산볼트 커팅중 왼쪽 손 엄지와 검지사이 손등 부위 자상,자상,커팅 작업 시 자재 견고히 고정하여 회전 방지,4,4,16,상,24년04월 사고,Y,산업재해조사표 제출,산업재해조사표 제출,N,1. 사고사례 분석표.xlsx
ACC-202411-B235F1A442,Y,,전기공사,케이블 탈피작업,케이블 탈피작업,(사고사례) 케이블 피복을 벗기던 중 갈고리 칼에 왼쪽 팔뚝 10Cm 자상 산재표 이안알앤씨에서 제공받아 0505-8230-0371 FAX 전송함 접수증 받음,자상,피복을 벗기는 작업은 바깥쪽으로 커팅하여 자상방지,4,4,16,상,24년11월 사고,Y,산업재해조사표 제출,산업재해조사표 제출,N,1. 사고사례 분석표.xlsx
RA-E40-9ECB4667ED,Y,,전기공사,케이블 트레이 설치,케이블 트레이 설치,상부 설치시 이동중 추락,추락,설치 구간 사전 안전벨트 부착설비 설치 및 사용,3,4,12,중,,N,,기본검토,N,standard_model_rev05\source\최초위험성평가 표준 모델(배포용)_rev04_원본보존.xlsx
RA-E40-A0D7B89C5D,Y,중흥건설,전기공사,케이블 트레이 설치,케이블 트레이 설치,상부 트레이 설치시 이동중 추락,추락,설치 구간 사전 안전벨트 부착설비 설치 및 사용,2,5,10,중,,N,,현장반영후보,N,[SBL P6 OI Project] 최초위험성평가_부현전기.xlsx
RA-E40-608EA7D5F3,Y,중흥건설,전기공사,케이블 트레이 설치,케이블 트레이 설치,앙카볼트 고정 상태 불량으로 인한 트레이 탈락에 의한 낙하로 재해발생,낙하·비래,드릴작업시 규격에 맞는 드릴을 사용하며 작업 전 고정여부 확인,3,4,12,중,,N,,기본검토,N,standard_model_rev05\source\최초위험성평가 표준 모델(배포용)_rev04_원본보존.xlsx
RA-E40-3EC6E83851,Y,중흥건설,전기공사,케이블 트레이 설치,케이블 트레이 설치,이동식 틀비계 안전고리 미체결로 추락,추락,상부 작업시 다대볼트 부위에 안전고리 체결후 작업,3,5,15,중,,N,,기본검토,N,standard_model_rev05\source\최초위험성평가 표준 모델(배포용)_rev04_원본보존.xlsx
RA-E40-FA98540F66,Y,중흥건설,전기공사,케이블 트레이 설치,케이블 트레이 설치,핸드그라인더 사용 중 스위치를 OFF시키려다 놓치는 바람에 근로자 상해 위험,기타,토글스위치 방식 그라인더 사용 금지,1,5,5,하,,N,,기본검토,N,standard_model_rev05\source\최초위험성평가 표준 모델(배포용)_rev04_원본보존.xlsx
RA-E40-E00C37C32A,Y,중흥건설,전기공사,케이블 트레이 설치,케이블 트레이 설치,"핸드그라인더, 고속절단기 사용중 감전 위험, 절단날에 손베임 위험",감전;절단·베임·찔림,누전차단기 설치 및 접지 실시 ▶ 방호덮개 임의 해체 금지,2,3,6,하,,N,,현장반영후보,N,[SBL P6 OI Project] 최초위험성평가_부현전기.xlsx
RA-E40-B10710643A,Y,,전기공사,케이블 트레이 설치,케이블 트레이 설치,"핸드그라인더, 고속절단기 사용중 위험",절단·베임·찔림,"안전모, 보안경 등 개인보호구 착용 ▶ 누전차단기 설치 및 접지 실시 ▶ 방호덮개 임의 해체 금지",2,3,6,하,,N,,기본검토,N,standard_model_rev05\source\최초위험성평가 표준 모델(배포용)_rev04_원본보존.xlsx
RA-C90-4555D1483E,Y,,전기공사,케이블 포설,케이블 포설,근로자 신체적 여건을 고려하지 않은 무리한 작업위치 선정으로 인한 과중량 운반으로 요통발생,근골격계,근로자의 신체적 여건과 경험 등을 고려하여 작업위치 선정 등 작업계획 수립,4,3,12,중,,N,,현장반영후보,N,10.최초위험성평가.xlsx
RA-E50-17DB17FDC8,Y,중흥건설,전기공사,케이블 포설,케이블 포설,근로자 신체적 여건을 고려하지 않은 무리한 작업위치 선정으로 인한 과중량 운반으로 요통발생,근골격계,근로자의 신체적 여건과 경험 등을 고려하여 작업위치 선정 등 작업계획 수립,4,3,12,중,,N,,기본검토,N,standard_model_rev05\source\최초위험성평가 표준 모델(배포용)_rev04_원본보존.xlsx
RA-E50-5DF023E7C3,Y,중흥건설,전기공사,케이블 포설,케이블 포설,케이블 드럼에서 풀링중 협소한 장소에서의 협착,끼임·협착,케이블 포설시 충분한 작업공간의 확보,3,4,12,중,,N,,기본검토,N,standard_model_rev05\source\최초위험성평가 표준 모델(배포용)_rev04_원본보존.xlsx
RA-C90-71A11E996C,Y,,전기공사,케이블 포설,케이블 포설,케이블 드럼이 경사면에서 이동하여 근로자 협착 및 충돌,끼임·협착;부딪힘,"구름멈춤대, 쐐기 등을 이용하여 드럼의 이동을 방지, 경사면 아래에 근로자 접근금지",3,3,9,중,,N,,현장반영후보,N,_unzipped\01_최초위험성평가\최초위험성평가 표준 모델(안산고잔 연립9구역).xlsx
RA-E50-D655C3472C,Y,중흥건설,전기공사,케이블 포설,케이블 포설,케이블 드럼이 경사면에서 이동하여 근로자 협착 및 충돌,끼임·협착;부딪힘,"구름멈춤대, 쐐기 등을 이용하여 드럼의 이동을 방지, 경사면 아래에 근로자 접근금지",3,3,9,중,,N,,기본검토,N,standard_model_rev05\source\최초위험성평가 표준 모델(배포용)_rev04_원본보존.xlsx
RA-E50-E5DBB9DB21,Y,,전기공사,케이블 포설,케이블 포설,케이블 풀링기계를 사용시 케이블 이동중 기계에 근로자 협착,끼임·협착,케이블 포설시 풀링기계 주변에 근로자 접근 통제,1,5,5,하,,N,,현장반영후보,N,10.최초위험성평가.xlsx
RA-E50-7A3798541D,Y,중흥건설,전기공사,케이블 포설,케이블 포설,케이블 풀링기계를 사용시 케이블 이동중 기계와 사이에서 근로자 협착,끼임·협착,케이블 포설시 풀링기계 주변에 근로자 접근 통제,1,5,5,하,,N,,기본검토,N,standard_model_rev05\source\최초위험성평가 표준 모델(배포용)_rev04_원본보존.xlsx
RA-C10-B00E11E522,Y,,전기공사,케이블 포설,케이블 포설,케이블드럼 세워서 적재중 드럼의 전도 및 드럼의 구름에 의한 협착,끼임·협착;넘어짐·전도,중량물 취급시 하역운반기계 사용,3,3,9,중,,N,,현장반영후보,N,10.최초위험성평가.xlsx
RA-E50-D473694CB1,Y,중흥건설,전기공사,케이블 포설,케이블 포설,케이블드럼 세워서 적재중 드럼의 전도 및 드럼의 구름에 의한 협착,끼임·협착;넘어짐·전도,중량물 취급시 하역운반기계 사용,3,3,9,중,,N,,기본검토,N,standard_model_rev05\source\최초위험성평가 표준 모델(배포용)_rev04_원본보존.xlsx
RA-E40-E2D9D2D22D,Y,중흥건설,전기공사,케이블 포설,케이블 포설,트레이 상단에서의 케이블 포설중 작업발판 불안정으로 인한 추락,추락,안전한 작업발판에서의 추락위험에 대한 조치를 취함,2,5,10,중,,N,,기본검토,N,standard_model_rev05\source\최초위험성평가 표준 모델(배포용)_rev04_원본보존.xlsx
ACC-202602-3F9AE27826,Y,,전기공사,타공작업,타공작업,(사고사례) 109동 지하1층 휴게실 앞 노출배관보양박스 제작 중 우측 가슴에서 뻑 하는 소리가 났다고 진술,불안전한 행동,"타공기와 자재를 견고하게 고정하고 2인 1조로 작업하며, 회전체와 절삭부에 손이 접근하지 않도록 한다.",4,4,16,상,26년02월 사고,Y,산업재해조사표 제출,산업재해조사표 제출,N,1. 사고사례 분석표.xlsx
ACC-202602-7CBF1E56EF,Y,,전기공사,타공작업,타공작업,(사고사례) 풀박스 홀쏘 타공중 무게중심이 파괴되어 왼손 엄지손가락쪽 인대가 파열되었다고 주장함. 목격자(신호수)는 사고사실없다고 진술.,불안전한 행동,"타공기와 자재를 견고하게 고정하고 2인 1조로 작업하며, 회전체와 절삭부에 손이 접근하지 않도록 한다.",4,4,16,상,26년02월 사고,Y,산업재해조사표 제출,산업재해조사표 제출,N,1. 사고사례 분석표.xlsx
ACC-202409-1F725C37A1,Y,,전기공사,폭발,폭발,(사고사례) 16sq 접지 케이블을 말랑말랑하게 만들어 쉽게 피복을 제거하기 위해 불을 붙이다 가연물 속 락카통이 복발하며 전신 화상,화재,작업 절차 준수,4,5,20,상,24년09월 사고,Y,산업재해조사표 제출,산업재해조사표 제출,N,1. 사고사례 분석표.xlsx
RA-E50-708BC9C169,N,에이치디씨현대산업개발,전기정보통신 / 배관배선공사,배관공사(타설 전),슬라브배관,1.슬라브 작업 중 철근사이 발 빠짐 전도위험 2.지속적으로 쪼그려 앉아 작업으로 근골격계 질환발생,넘어짐,1.슬라브 작업시 전방 주의하고 실족방지망 설치 후 이동하여 작업 2.작업 중간중간 스트레칭을하고 휴식을 충분히 취한다.,2,3,6,하,,N,,현장반영후보,Y,최초위험성평가_운정아이파크포레스트 (1).xls
RA-F10-AC6D5B141A,N,에이치디씨현대산업개발,전기정보통신 / 배관배선공사,배관공사(타설 전),소방전기공사배관 (바닥슬라브배관),단부구간 작업시 추락 위험,떨어짐,단부 슬라브 배관 작업시 난간 설치상태 확인 및 안전고리 체결후 슬라브 내부방향에서 작업,3,4,12,중,,N,,현장반영후보,Y,최초위험성평가_운정아이파크포레스트 (1).xls
RA-E50-9DD6619BD9,N,에이치디씨현대산업개발,전기정보통신 / 배관배선공사,배관공사(타설 전),슬래브 타공,데크플레이트 슬래브 타공 작업시 핸드드릴 회전부에 장갑이 말림,말림,"위험기계기구 사용 전 위험요인파악, 안전대책을 공유하고 작업 전 안전점검",3,4,12,중,,N,,현장반영후보,Y,최초위험성평가_운정아이파크포레스트 (1).xls
RA-E50-AF1D01C44C,N,에이치디씨현대산업개발,전기정보통신 / 배관배선공사,배관공사(타설 전),박스설치,말비계 상부에서 벽체 박스 설치 작업 중 작업대 단부에서 헛딛어 떨어짐,떨어짐,1. 말비계 단부 낙상경보기 등 보조장비를 설치하여 작업자 실수 차단 2. 말비계를 사용에 대한 숙련공을 작업에 배치하여 불안전행동 차단,3,4,12,중,,N,,현장반영후보,Y,최초위험성평가_운정아이파크포레스트 (1).xls
RA-E50-2E5DB7DF32,N,에이치디씨현대산업개발,전기정보통신 / 배관배선공사,배관공사(타설 전),슬래브 타공,배관 박스 설치 작업 중 슬래브 철근 보강 작업시 용접불티에 의한 화재로 작업자 질식,극한온도접촉,"1. 화재 발생시 유독가스의 배출을 위한 환기설비 설치 2. 화재 발생을 예방하기위한 화재감시자 배치 3. 방연마스크, 휴대용 산소 등을 비치하여 비상시 사용하여 탈출",3,4,12,중,,N,,현장반영후보,Y,최초위험성평가_운정아이파크포레스트 (1).xls
RA-E50-BA0584CB07,N,에이치디씨현대산업개발,전기정보통신 / 배관배선공사,배관공사(타설 전),슬래브 타공,배관 박스 설치 후 철근보강 작업시 사용하는 용접기의 충전부와 접촉하여 감전,전기접촉,"1. 용접기 사용 전 전격방지기, 충전부 피복 상태등 안전점검 후 사용 2. 용접기 사용 시 충전부와 신체의 직접 접촉을 방지하는 절연장갑 착용",3,4,12,중,,N,,현장반영후보,Y,최초위험성평가_운정아이파크포레스트 (1).xls
RA-E50-7FA66FEF75,N,에이치디씨현대산업개발,전기정보통신 / 배관배선공사,배관공사(타설 전),슬라브 배관 작업,배관 작업시 작업의 진행방향을 후진 방향으로 하여 전도 위험,넘어짐,"배관작업의 진행방향은 항시 전진 방향으로 하며, 슬라브 단부 주위에서 뒷걸음질 금지",3,4,12,중,,N,,현장반영후보,Y,최초위험성평가_운정아이파크포레스트 (1).xls
RA-E50-A94918CE0F,N,에이치디씨현대산업개발,전기정보통신 / 배관배선공사,배관공사(타설 전),세대 슬라브 배관 작업,배관공사를 위한 자재 인양시 자재 낙하 위험,기타,인양함에 과다 적재 금지,3,4,12,중,,N,,현장반영후보,Y,최초위험성평가_운정아이파크포레스트 (1).xls
RA-E50-66F4CA2C33,N,에이치디씨현대산업개발,전기정보통신 / 배관배선공사,배관공사(타설 전),배관,벽체 박스 배관 설치를 위해 사다리를 사용하여 작업 중 사다리에서 떨어짐,떨어짐,"1. 사다리를 사용하는 작업에 대한 기준 수립(안전대부착설비 설치, 에어백 조끼 착용, 2인1조 작업 등) 2. 사다리 사용 작업시 신체를 보호하는 안전대, 에어백 조끼 착용 3. 사다리를 사용하는 작업에는 숙련공을 배치하여 불안전행동을 최소화",3,4,12,중,,N,,현장반영후보,Y,최초위험성평가_운정아이파크포레스트 (1).xls
RA-E50-14957C516B,N,에이치디씨현대산업개발,전기정보통신 / 배관배선공사,배관공사(타설 전),박스설치,벽체 박스 설치 작업 중 핸드그라인더 회전부에 신체 접촉하여 베임,절단 · 베임,"1. 위험기계기구 사용 전 방호장치 작동 여부에 대하여 점검 2. 위험기계기구 사용하는 근로자는 회전하는 날에 신체를 보호하는 보호복, 보호장갑 착용",2,3,6,하,,N,,현장반영후보,Y,최초위험성평가_운정아이파크포레스트 (1).xls
RA-E50-63E644FBF5,N,에이치디씨현대산업개발,전기정보통신 / 배관배선공사,배관공사(타설 전),배관,벽체 배관 작업을 위한 이동식틀비계 승하강 중 떨어짐,떨어짐,1. 이동식 틀비계 승하강용 사다리에 안전블록을 설치 2. 이동식 틀비계 조립 후 안전블록 설치와 작업자 안전대 착용 상태 확인 3. 이동식 틀비계 승하강시 안전대와 안전블록의 체결,3,4,12,중,,N,,현장반영후보,Y,최초위험성평가_운정아이파크포레스트 (1).xls
RA-E50-59B41CE0F7,N,에이치디씨현대산업개발,전기정보통신 / 배관배선공사,배관공사(타설 전),벽체 박스취부 및 배관설치,벽체배관 작업시 우마 및 사다리를 이용할 경우 추락 위험,떨어짐,1. 우마 사용 시 우마발판 끝단부에 감응장치 설치 및 안전고리 체결 후 작업 2. 안전사다리 사용 시 아웃트리거 설치 및 안전고리를 체결한 후 2인 1조로 작업,3,4,12,중,,N,,현장반영후보,Y,최초위험성평가_운정아이파크포레스트 (1).xls
RA-E50-F57490014C,N,에이치디씨현대산업개발,전기정보통신 / 배관배선공사,배관공사(타설 전),벽체 박스취부 및 배관설치,사다리에서 내려오던 중 발을 헛디뎌 바닥으로 추락위험,떨어짐,1. 사다리 사용시 법적 기준 준수 (답단 간격) 2. 사다리 사용에 대한 실습교육 실시,3,4,12,중,,N,,현장반영후보,Y,최초위험성평가_운정아이파크포레스트 (1).xls
RA-E50-1513AE82C1,N,에이치디씨현대산업개발,전기정보통신 / 배관배선공사,배관공사(타설 전),슬라브 박스취부 및 배관설치,슬라브 배관공사 작업시 철근 사이에 발걸림으로 인한 전도위험,넘어짐,철근 상부 교차 결속부를 밟아 이동하고 자재 운반시 한손은 난간 등을 잡고 이동,3,4,12,중,,N,,현장반영후보,Y,최초위험성평가_운정아이파크포레스트 (1).xls
RA-E50-C9B961DB3C,N,에이치디씨현대산업개발,전기정보통신 / 배관배선공사,배관공사(타설 전),슬라브배관작업,슬라브배관작업시 높은 체감온도로 인한 작업자 온열질환,기타,"충분한 물 공급 및 식염정 지급, 쿨토시, 햇빛 가리개 지급",3,4,12,중,,N,,현장반영후보,Y,최초위험성평가_운정아이파크포레스트 (1).xls
RA-E50-453D82208A,N,에이치디씨현대산업개발,전기정보통신 / 배관배선공사,배관공사(타설 전),슬래브 타공,슬래브 타공시 발생하는 금속절단 소음에 장시간 노출로 소음성 난청,소음접촉,소음차단용 보호구 착용,2,3,6,하,,N,,현장반영후보,Y,최초위험성평가_운정아이파크포레스트 (1).xls
RA-E50-FD08479417,N,에이치디씨현대산업개발,전기정보통신 / 배관배선공사,배관공사(타설 전),자재운반,전기통신용 배관 자재 데크플레이트 상부로 인력 운반시 넘어짐,넘어짐,"1. 1회 운반시 적정수량, 데크플레이트 상부 이동시 위험요소에 대한 훈련 실시 2. 슬래브 철근 작업시 설치된 안전통로 이용 3. 철근 작업시 설치된 안전통로가 전기통신 작업까지 존치되도록 연계 공종 위험성평가",3,4,12,중,,N,,현장반영후보,Y,최초위험성평가_운정아이파크포레스트 (1).xls
RA-E50-ACAE3F3194,N,에이치디씨현대산업개발,전기정보통신 / 배관배선공사,배관공사(타설 전),화물차 현장 반입,전기통신용 배관 하역작업을 위해 화물차 적재함 승하강 중 통로 미 설치로 떨어짐,떨어짐,1. 계획 수립시 적재함 통행을 위한 승하강용 계단 설치 검토 2. 작업자가 적재함을 승하강 할 수 있는 계단 설치 3. 자재 하역을 위한 화물차 적재함 승하강 방법에 대한 안전교육 및 실습훈련 실시,3,4,12,중,,N,,현장반영후보,Y,최초위험성평가_운정아이파크포레스트 (1).xls
RA-E50-D1D2E537BA,N,에이치디씨현대산업개발,전기정보통신 / 배관배선공사,배관공사(타설 전),화물차에서 자재하역,전기통신용 배관 화물차 적재함에서 굴려서 하역시 굴러가는 자재에 작업자 맞음,맞음,1. 자재 하역 작업시 위험요인에 대한 대책을 공유하고 위험예지활동 실시 2. 작업에 대한 충분한 이해가 있는 숙련공을 배치,2,3,6,하,,N,,현장반영후보,Y,최초위험성평가_운정아이파크포레스트 (1).xls
RA-E50-8306E571A0,N,에이치디씨현대산업개발,전기정보통신 / 배관배선공사,배관공사(타설 전),벽체 박스취부 및 매입배관,"철근, 알폼등 타공정 자재의 의한 넘어짐",넘어짐,1. 작업구간 정리정돈 및 이동통로 확보,3,4,12,중,,N,,현장반영후보,Y,최초위험성평가_운정아이파크포레스트 (1).xls
RA-E50-762A5779DC,N,에이치디씨현대산업개발,전기정보통신 / 배관배선공사,배관공사(타설 전),화물차에서 자재하역,화물차 적재함에 높게 쌓여 있는 자재가 적재함 고정로프를 해체하자 쓰러지면서 지나가던 작업자 맞음,맞음,1. 화물차 주변 작업자가 접근하지 못하도록 접근금지 휀스를 설치 2. 작업계획 수립시 위험에 영향을 미치는 범위를 정하고 접근금지 휀스 설치 반경을 결정,2,3,6,하,,N,,현장반영후보,Y,최초위험성평가_운정아이파크포레스트 (1).xls
RA-E50-EAC88DB5D1,N,에이치디씨현대산업개발,전기정보통신 / 배관배선공사,배관공사(타설 후),조적 경량 배관 작업,A형 사다리를 이용한 고소 작업중 A형 사다리가 전도되면서 사다리 위에서 작업중인 근로자도 같이 떨어지는 사고 위험,떨어짐,1. 사다리를 이용한 고소작업을 진행하기 전 신규 근로자 및 미숙련공은 사다리 위에서의 작업을 하지 못하도록 한다. 2. A형 사다리를 사용하여 작업할 경우 안전벨트 걸이시설을 우선 설치하여 작업시 항시 안전벨트 고리를 체결할 수 있도록 한다. 3. 작업전 A형 사다리의 사용 계획을 허가받고 추락에 대한 예방 대책과 그에 따른 이행을 확인 후 작업할 수 있도록 한다.,3,4,12,중,,N,,현장반영후보,Y,최초위험성평가_운정아이파크포레스트 (1).xls
RA-E50-C203064349,N,에이치디씨현대산업개발,전기정보통신 / 배관배선공사,배관공사(타설 후),조적 경량 배관 작업,말비계 디딤판(답단) 또는 상부 양 끝단에서 작업 중 말비계가 넘어지면서 근로자 떨어짐,떨어짐,1. 말비계 양 끝 단부에 낙상방지장치 설치 2. T.B.M시 말비계 사용에 관한 교육 실시 후 작업에 투입한다.,3,4,12,중,,N,,현장반영후보,Y,최초위험성평가_운정아이파크포레스트 (1).xls
RA-E50-86C90097C1,N,에이치디씨현대산업개발,전기정보통신 / 배관배선공사,배관공사(타설 후),입선,"사다리 사용중 아웃트리거 미설치, 단독작업으로 인한 추락위험",떨어짐,"사다리는 아웃트리거 설치 하고, 2인1조 작업하여 추락대비",4,5,20,상,,N,,현장반영후보,Y,최초위험성평가_운정아이파크포레스트 (1).xls
RA-E50-02E5051ED6,N,에이치디씨현대산업개발,전기정보통신 / 배관배선공사,배관공사(타설 후),석고타공작업,석고 타공시 발생하는 분진물에 의한 작업자 호흡기 질환 위험,유해물질접촉,"석고 타공 작업자에게 매일 방진마스크 지급, 우천 및 하절기에는 하루 2개씩 지급",2,3,6,하,,N,,현장반영후보,Y,최초위험성평가_운정아이파크포레스트 (1).xls
RA-E50-491641D3C2,N,에이치디씨현대산업개발,전기정보통신 / 배관배선공사,배관공사(타설 후),자재반입(인력 하역),자재 차량에서 물건을 내리던중 다른 자재가 같이 떨어져 근로자의 머리 및 어깨에 낙하물이 떨어지는 사고 위험,맞음,1. 중량물의 무게를 사전에 공지하고 물건이 떨어져 맞을 경우 어느 정도의 피해가 있을것인지 사전에 알려 사고를 예방하도록 한다. 2. 실려있는 자재들을 한번에 풀지 않고 조금씩 결속을 풀면서 자재를 하역하도록 한다. 3. 자재 하역시 불편함이 있더라도 안전모 등의 개인보호구를 착용하고 작업하도록 한다.,2,3,6,하,,N,,현장반영후보,Y,최초위험성평가_운정아이파크포레스트 (1).xls
RA-E50-B948D40A4E,N,에이치디씨현대산업개발,전기정보통신 / 배관배선공사,배관공사(타설 후),자재반입(인력 하역),차량 위에서 자재를 내려주던 근로자가 미끄러져 중심을 잃고 차량 밑으로 추락하는 사고 위험,떨어짐,1. 차량 위 바닥 등에 밟고 미끄러질만한 물건 또는 액체 등을 제거한 후 작업을 실시한다. 2. 차량에 안전벨트 걸이시설을 설치하거나 차량 위 외부에 안전벨트 걸이시설을 설치한다. 3. 안전벨트를 착용하고 걸이시설에 고리를 건 후 작업구간 이동 및 작업을 실시한다.,2,3,6,하,,N,,현장반영후보,Y,최초위험성평가_운정아이파크포레스트 (1).xls
RA-E50-C745F057A3,N,에이치디씨현대산업개발,전기정보통신 / 배관배선공사,분전반,분전반 설치,분전반 설치를 위해 분전반 이동운반시 과도한 힘쓰임으로 인한 근로자 근골격계 질환 위험,근골격계질환,작업투입 전 안전수칙 교육 실시하고 분전반 자재운반이동은 반드시 2인 1조로 하여 운반할것,2,3,6,하,,N,,현장반영후보,Y,최초위험성평가_운정아이파크포레스트 (1).xls
RA-E50-57AB375323,N,에이치디씨현대산업개발,전기정보통신 / 배관배선공사,분전반,분전반 설치,분전반 설치를 위해 앙카드릴 작업시 CON`C 비산물질로 인한 근로자 안구손상위험,직업성 질병,작업 투입전 안전수칙 교육을 실시하고 보안경 등 의개인보호구 착용하고 작업,2,3,6,하,,N,,현장반영후보,Y,최초위험성평가_운정아이파크포레스트 (1).xls
RA-E50-E229E12FE5,N,에이치디씨현대산업개발,전기정보통신 / 배관배선공사,분전반,분전반 설치,분전반 설치시 무리한 동작으로 인한 근골격계 질환 발생,인간공학,무리한 동작을 금지하며 작업중 틈틈히 스트레칭 및 휴식,2,3,6,하,,N,,현장반영후보,Y,최초위험성평가_운정아이파크포레스트 (1).xls
RA-E50-54356F098B,N,에이치디씨현대산업개발,전기정보통신 / 배관배선공사,분전반,분전반 결선 및 배선기구 설치,전원차단 미확인 또는 타 작업자의 분전반 조작으로 인한 감전사고,전기접촉,작업전 전원상태 필수 점검 작업시 해당 분전반에 작업중 표지 설치 감전보호 장갑 착용,4,5,20,상,,N,,현장반영후보,Y,최초위험성평가_운정아이파크포레스트 (1).xls
RA-E50-862DFD2823,N,에이치디씨현대산업개발,전기정보통신 / 배관배선공사,분전반,단말결선,케이블 피복을 벗기기 위해 커터기 사용시 작업자의 부주의에 의해 신체(손) 베임 위험,절단 · 베임,작업 투입전 안전수칙 교육을 실시하고 손베임 장갑등 개인보호구 착용하고 작업 실시,2,3,6,하,,N,,현장반영후보,Y,최초위험성평가_운정아이파크포레스트 (1).xls
RA-E40-49F3F9F282,N,에이치디씨현대산업개발,전기정보통신 / 배관배선공사,케이블트레이,입선,고소작업대 내부 이동중 자재등 발걸림에 의한 넘어짐,부딪힘,고소작업대 내부는 작업 중/후 상시 정리정돈,4,5,20,상,,N,,현장반영후보,Y,최초위험성평가_운정아이파크포레스트 (1).xls
RA-E40-2BA6C89F90,N,에이치디씨현대산업개발,전기정보통신 / 배관배선공사,케이블트레이,케이블트레이 및 몰드바 설치,고소작업대 사용 시 근로자 충돌위험,부딪힘,1. 작업 구간 라바콘 구획 설정 2. 작업 시 쐐기 설치,4,5,20,상,,N,,현장반영후보,Y,최초위험성평가_운정아이파크포레스트 (1).xls
RA-E40-509AC1427B,N,에이치디씨현대산업개발,전기정보통신 / 배관배선공사,케이블트레이,케이블트레이 및 몰드바 설치,고소작업대 사용 시 협착위험,끼임,과상승방지봉 60cm이상 상승 및 협착방지틀 임의해체 금지,4,5,20,상,,N,,현장반영후보,Y,최초위험성평가_운정아이파크포레스트 (1).xls
RA-E40-2D72DA3A55,N,에이치디씨현대산업개발,전기정보통신 / 배관배선공사,케이블트레이,케이블트레이 및 몰드바 설치,고소작업대 상부 작업자 안전고리 미체결로 인한 추락위험,떨어짐,1. 상부 작업자 안전고리 체결 실시 2. 고소작업대 탑승자 교육이수여부 확인,4,5,20,상,,N,,현장반영후보,Y,최초위험성평가_운정아이파크포레스트 (1).xls
RA-E40-D803E57365,N,에이치디씨현대산업개발,전기정보통신 / 배관배선공사,케이블트레이,입선,고소작업대 운전 미흡에 의한 사고,부딪힘,고소작업대 측면부 사용작업자 실명제 부착하여 승인된 작업자만 운전 고소작업대 사용작업자 작업시작전 운전방법 교육 및 연습시간 배분 후 작업 시작,4,5,20,상,,N,,현장반영후보,Y,최초위험성평가_운정아이파크포레스트 (1).xls
RA-E40-66D1FA14C9,N,에이치디씨현대산업개발,전기정보통신 / 배관배선공사,케이블트레이,케이블트레이 및 몰드바 설치,고소작업대 이동 시 단차부 이동으로 인한 전도 위험,넘어짐,"고소작업대 단부구간 스토퍼 설치 , 상부 작업자 안전고리 체결",4,5,20,상,,N,,현장반영후보,Y,최초위험성평가_운정아이파크포레스트 (1).xls
RA-E40-9C068D94BB,N,에이치디씨현대산업개발,전기정보통신 / 배관배선공사,케이블트레이,케이블트레이 및 몰드바 설치,고소작업대 작업 시 고임목 미설치로 인한 전도위험,넘어짐,1. 고소작업대 정차 및 작업 시 고임목 설치,4,5,20,상,,N,,현장반영후보,Y,최초위험성평가_운정아이파크포레스트 (1).xls
RA-E40-955604153B,N,에이치디씨현대산업개발,전기정보통신 / 배관배선공사,케이블트레이,케이블트레이 및 몰드바 설치,고소작업대 협착방지틀 임의해체로 인한 협착위험,끼임,1. 고소작업대 양중 사용 시 작업허가증 부착 확인 2. 양중 작업 종료 후 협착방지틀 복구 실시,4,5,20,상,,N,,현장반영후보,Y,최초위험성평가_운정아이파크포레스트 (1).xls
RA-M10-95E2B196AA,N,에이치디씨현대산업개발,전기정보통신 / 배관배선공사,케이블트레이,케이블트레이 및 몰드바 설치,덕트 상부 이동 시 안전고리 미체결로 인한 추락위험,떨어짐,1. 덕트 상부 수평구명줄 설치 실시 2. 고소작업대 덕트 상부 승강 시 안전고리 2점 체결,4,5,20,상,,N,,현장반영후보,Y,최초위험성평가_운정아이파크포레스트 (1).xls
RA-E40-5ED4FE451F,N,에이치디씨현대산업개발,전기정보통신 / 배관배선공사,케이블트레이,작업자 이동,"동절기 눈,비로인해 결빙된 상태에서 출근 및 데크상부 및 기타 결빙구간 이동 시 넘어져 골절위험",넘어짐,"1)현장내 결비구간 이동시 결빙구간은 피하고 구획된 통로로 이동(이동시 하부 전방 주의) 2)작업구간내 결빙구간을 얼음제거,모래 및 부직표를 설치 근로자가 안전하게 이동할 수 있도록 조치",4,5,20,상,,N,,현장반영후보,Y,최초위험성평가_운정아이파크포레스트 (1).xls
RA-E40-B5FD5E2458,N,에이치디씨현대산업개발,전기정보통신 / 배관배선공사,케이블트레이,방화실링작업,방화제 재단을 위한 가위 또는 전공칼 사용시 배임사고 위험,절단 · 베임,베임점에서 작업자 손을 멀리두고 시야확보를 위하여 조도가 부족한 곳에서 작업시 휴대용 렌턴을 사용하여 조도확보 후 작업,3,4,12,중,,N,,현장반영후보,Y,최초위험성평가_운정아이파크포레스트 (1).xls
RA-E40-27362414FA,N,에이치디씨현대산업개발,전기정보통신 / 배관배선공사,케이블트레이,트레이 슬리브 설치 및 절단작업,슬리브 자리 절단을 위한 그라인더 사용시 불티로 인한 화재위험,화재,"화재감시자 상,하부 위치하여 화재 대비, 하부 슬리브 구멍을 막아 불티의 확산 방지,2인1조 작업으로 화재 및 사고대비,작업 전 소화기 설치 후 작업",3,4,12,중,,N,,현장반영후보,Y,최초위험성평가_운정아이파크포레스트 (1).xls
RA-E40-54B7AC232F,N,에이치디씨현대산업개발,전기정보통신 / 배관배선공사,케이블트레이,트레이 슬리브 설치 및 할석 작업,앙카작업시 분진 및 비산물로 인한 눈찔림 사고,직업성 질병,1.앙카드릴 비산물받이(커버) 장착 후 앙카드릴 사용 2.보안경 착용으로 눈찔림 사고 예방,2,3,6,하,,N,,현장반영후보,Y,최초위험성평가_운정아이파크포레스트 (1).xls
RA-E40-3BC771C63A,N,에이치디씨현대산업개발,전기정보통신 / 배관배선공사,케이블트레이,케이블 트레이 설치,"작업구역 주변의 타공종 장비와의 충돌,협착 위험",부딪힘,작업전 타공종 장비작업 위치확인 후에 작업구역이 겹치지 않게 작업실시,3,4,12,중,,N,,현장반영후보,Y,최초위험성평가_운정아이파크포레스트 (1).xls
RA-E40-D47F474DDB,N,에이치디씨현대산업개발,전기정보통신 / 배관배선공사,케이블트레이,케이블 풀링 작업,전선 드럼을 이동하기 위해 굴려서 이동하는중 경사 구간 진입로에서 멈추지 못해 경사구간을 굴러가는 드럼에 근로자차 충돌하는 사고 위험,부딪힘,1. 굴러가는 자재가 경사로에 진입하지 못하도록 경사 구간에 스토퍼 설치를 먼저한 후 이동한단. 2. 사람의 힘으로 이동하기 힘든 구간은 지게차 등의 장비를 이용하여 이용하도록 작업을 변경한다.,4,5,20,상,,N,,현장반영후보,Y,최초위험성평가_운정아이파크포레스트 (1).xls
RA-E40-51EC98B0DF,N,에이치디씨현대산업개발,전기정보통신 / 배관배선공사,케이블트레이,자재 반입(지게차 하차),지게차로 하역중인 케이블 드럼이 지게차 포크에서 떨어져 주변을 지나가던 근로자에게 굴러가 벽체에 부딪히는 사고 위험,부딪힘,1. 굴러갈 수 있는 자재는 움직이 못하게 쐐기를 설치하여 고정하도록 한다. 2. 쐐기 설치 및 체인 등으로 이탈하지 못하도록 고정하여 중심을 잃지 않도록 관리한다. 3. 하역운반계획서 작성시 주변 통제 및 자재 결속 등의 대책을 사전에 확인하고 실행한 뒤 작업을 실시한다.,3,4,12,중,,N,,현장반영후보,Y,최초위험성평가_운정아이파크포레스트 (1).xls
RA-E40-9DF0539967,N,에이치디씨현대산업개발,전기정보통신 / 배관배선공사,케이블트레이,케이블 트레이 설치,케이블 트레이 설치 하기위해 고소장비 단차부위 이동 시 장비 전도 위험,넘어짐,"바닥면 단차부위 경사면 설치후 장비 이동하여 추락 예방힐것(특히 지하1층, 지상1층 주의요망)",3,4,12,중,,N,,현장반영후보,Y,최초위험성평가_운정아이파크포레스트 (1).xls
RA-E40-CD2B4D1800,N,에이치디씨현대산업개발,전기정보통신 / 배관배선공사,케이블트레이,케이블 트레이 설치,케이블 트레이 설치를 위해 한번에 많은 양을 이동운반시 설치장소 주변의 잡석 등 지반이 고르지 않아 작업자 전도위험,넘어짐,케이블 트레이는 반드시 2인1조로 운반하며 한번에 많은 양을 운반금지,2,3,6,하,,N,,현장반영후보,Y,최초위험성평가_운정아이파크포레스트 (1).xls
RA-E40-63A97AD7D9,N,에이치디씨현대산업개발,전기정보통신 / 배관배선공사,케이블트레이,케이블 트레이 설치,케이블 트레이 설치할때 드릴 작업시 콘크리트 비산물질로 인한 호흡기 질환 및 안구손상 위험,직업성 질병,"드릴 작업시 보안경,마스크 착용을 하여 작업 실시",2,3,6,하,,N,,현장반영후보,Y,최초위험성평가_운정아이파크포레스트 (1).xls
RA-E40-14D12C9508,N,에이치디씨현대산업개발,전기정보통신 / 배관배선공사,케이블트레이,케이블 트레이 설치,케이블 트레이 운반시 단독으로 많은 양을 운반시 작업자의 근골격계 질환위험,직업성 질병,케이블 트레이 운반시 반드시 2인1조로 하여 운반 할 것,2,3,6,하,,N,,현장반영후보,Y,최초위험성평가_운정아이파크포레스트 (1).xls
RA-E40-723F7F1C23,N,에이치디씨현대산업개발,전기정보통신 / 배관배선공사,케이블트레이,간선 케이블 입상구간 포설 작업,케이블 포설 작업시 EPS실 내부에 타공정 근로자가 출입한 후 케이블을 당기던 로프가 터져 케이블이 떨어지면서 근로자가 맞음,맞음,EPS실 내부로 타공정 근로자가 출입하지 못하게 표지판 및 휀스 설치,4,5,20,상,,N,,현장반영후보,Y,최초위험성평가_운정아이파크포레스트 (1).xls
RA-E40-858F1A7E60,N,에이치디씨현대산업개발,전기정보통신 / 배관배선공사,케이블트레이,케이블 트레이 설치,"케이블트레이 입상작업시 슬리브를 통한 자재,공구 낙하의 위험",맞음,- 작업전 슬리브주변 정리청소하여 원인제거 - 상하작업자간 약속된소통으로 작업진행,3,4,12,중,,N,,현장반영후보,Y,최초위험성평가_운정아이파크포레스트 (1).xls
RA-M10-C60B99A1D9,N,에이치디씨현대산업개발,전기정보통신 / 배관배선공사,케이블트레이,자재 양중 작업(부스덕트),크레인으로 자재 양중시 낙하물이 떨어져 하부 근로자가 맞음,맞음,크레인 셋팅 구간 및 지하층 자재 양중 하역구간에 구획 설정하여 근로자가 출입하지 못하게 관리하고 상하부 신호수는 싸이렌으로 경고음을 울려서 양중 작업을 인지하도록 할 것,4,5,20,상,,N,,현장반영후보,Y,최초위험성평가_운정아이파크포레스트 (1).xls
RA-E40-8751A91CC1,N,에이치디씨현대산업개발,전기정보통신 / 배관배선공사,케이블트레이,트레이 절단 작업,트레이를 규격에 맞는 크기로 만들기 위해 절단 작업중 회전하는 톱날에 손가락을 베이는 사고 위험,절단 · 베임,"1. 절단 작업은 숙력된 사람만 할 수 있도록 하며, 1명 지정하여 타 작업자는 임의로 사용하지 못하도록 한다. 2. 고속 절단기의 보호커버는 임의로 탈거하지 아니하며, 보호커버가 장착된 상태에서만 작업을 진행한다. 3. 손을 보호할 수 있는 장갑 등을 착용하고 작업을 한다.",3,4,12,중,,N,,현장반영후보,Y,최초위험성평가_운정아이파크포레스트 (1).xls
RA-E40-4A78C8F189,N,에이치디씨현대산업개발,전기정보통신 / 배관배선공사,케이블트레이,트레이 설치 작업,트레이를 설치하기 위해 사다리 위에서 작업중 중심을 잃고 추락하는 사고 위험,떨어짐,"1. 사다리 위에서 작업 경험이 많은 숙련된 사람만 작업할 수 있도록 하며, 또한 단독작업은 하지 않도록 한다. 2. 사다리 아웃트리거 및 2인1조로 사다리가 흔리지 않도록 보조인원을 배치하여 작업한다. 3. 추락에 대비하여 안전벨트 걸이시설을 설치하고 안전벨트 고리를 체결한 후 작업을 하도록 한다.",3,4,12,중,,N,,현장반영후보,Y,최초위험성평가_운정아이파크포레스트 (1).xls
RA-E40-7CA64A8682,N,에이치디씨현대산업개발,전기정보통신 / 배관배선공사,케이블트레이,케이블 포설 작업,풀링 작업을 위해 트레이 위로 이동중 근로자가 추락하는 사고 위험,떨어짐,1. 고소 작업구간으로 이동할 경우 안전벨트 걸이시설을 우선설치하여 추락방지조치를 할 수 있도록 한다. 2. 이동구간 떨어져 설치하는 A형 사다리가 아닌 작업구간과 밀접 설치가 가능한 일자형 사다리를 이용한 승하강을 통해 추락위험을 방지한다. 3. 고소구간에서 작업시 안전벹트르 착용하고 고리를 체결한 상태에서 작업을 실시한다.,3,4,12,중,,N,,현장반영후보,Y,최초위험성평가_운정아이파크포레스트 (1).xls
RA-E40-A524D7B9EE,N,에이치디씨현대산업개발,전기정보통신 / 배관배선공사,케이블트레이,트레이 슬리브 설치 및 할석 작업,할석작업시 전동공구사용으로 인한 분진발생,직업성 질병,"1.앙카드릴 비산물받이(커버) 장착 후 앙카드릴 사용 2.분진마스크, 분진필터 착용하여 사고 예방",2,3,6,하,,N,,현장반영후보,Y,최초위험성평가_운정아이파크포레스트 (1).xls
RA-E40-64A6464B19,N,에이치디씨현대산업개발,전기정보통신 / 배관배선공사,케이블트레이,트레이 슬리브 설치 및 할석 작업,할석작업시 전동공수 사용으로 인한 진동,직업성 질병,"작업 중 충부한 휴식시간 부여, 장갑착용하여 작업",2,3,6,하,,N,,현장반영후보,Y,최초위험성평가_운정아이파크포레스트 (1).xls
RA-E60-0958F7B49D,N,에이치디씨현대산업개발,전기정보통신 / 수변전설비공사,임시 수전설비,수배전반 설치,"장비 이동 후 설치 위치에 설치 시 장비에 의한 협착, 충돌사고",끼임,장비이동동선 확보 및 신호에 의한 작업실시,3,4,12,중,,N,,현장반영후보,Y,최초위험성평가_운정아이파크포레스트 (1).xls
RA-E60-52899997D2,N,에이치디씨현대산업개발,전기정보통신 / 전기방재설비공사,전기실 설치 공사,각 동전기실에 동분전반 외함을 양중 설치 하는 작업,1. 지게차 이동간 지게차와 근로자간 충돌의 위험 2.지게차 이동간 지게차 포크에서 양중물 이탈의 위험,부딪힘,-유도원에 의한 지게차 이동 -지게차 이동간 양중물과 포크의 결속,3,4,12,중,,N,,현장반영후보,Y,최초위험성평가_운정아이파크포레스트 (1).xls
RA-E60-3445CFC2BD,N,에이치디씨현대산업개발,전기정보통신 / 전기방재설비공사,전기실 설치 공사,"수배전반을 크레인, 지게차 양중하여 지하2층 전기실로 반입, 설치하는 작업",1.크레인 양중 간 판넬 상부 샤클 체결과정에 추락의 위험 2.크레인 양중 간 올바르지 못한 양중공구의 사용으로 인한 판넬 낙하의 위험 3.지게차 이동시 지게차와 근로자간 충돌의 위험 4.이동경로상 조도 미확보로 인한 양중물의 전도 위험 5.지게차 이동시 양중물과 작업자와의 협착 위험,부딪힘,"1.판넬 상부 작업시 안전고리, 안전벨트 체결 철저 2.양중 작업 전 양중공구의 육안 점검 및 안전관리자에 의한 확인 및 점검 3.유도원에 의한 지게차 이동을 원칙으로 하며, 이동경로상 타 근로자의 출입 통제 4.이동경로상 조도 확보 후 이동 5.유도원에 의한 지게차 이동을 원칙으로 하며, 이동경로상 타 근로자의 출입 통제",3,4,12,중,,N,,현장반영후보,Y,최초위험성평가_운정아이파크포레스트 (1).xls
RA-E60-9EAF077089,N,에이치디씨현대산업개발,전기정보통신 / 전기방재설비공사,전기실 설치 공사,수배전반 내 부스바 수정작업,1.판넬 내부 작업시 조도 미확보로 인한 충돌의 위험 2.현장 내 이동시 타공종의 장비와 협착의 위험,부딪힘,1.판넬 내부 작업시 적절한 조도장치를 활용하여 조도 확보 2.현장 내 이동시 타공종 장비 이동경로 상으로 이동 및 접근 금지,2,3,6,하,,N,,현장반영후보,Y,최초위험성평가_운정아이파크포레스트 (1).xls
RA-E60-8F179B7FB9,N,에이치디씨현대산업개발,전기정보통신 / 전기방재설비공사,전기실 설치 공사,벽체배관작업,"경작업 사다리 사용시 높이 규정에 따른 2인 1조, 개인보호구, 전도방지조치 미실시로 인한 넘어짐 위험",넘어짐,사다리는 작업대 설치가 어려운 협소한 작업 및 경작업시 사용(3.5M이상시 금지),3,4,12,중,,N,,현장반영후보,Y,최초위험성평가_운정아이파크포레스트 (1).xls
RA-E60-B8E8B87C70,N,에이치디씨현대산업개발,전기정보통신 / 전기방재설비공사,전기실 설치 공사,노출배관 및 몰드바 설치,고소작업대 상승하여 작업도중 작업대와 천장 구조물에 근로자 협착사고 위험,끼임,"1. 작업 전 고소작업대 안전장치 작동상태 확인 2. 작업 중 안전장치 임의해체 금지, 사용상태 확인",4,5,20,상,,N,,현장반영후보,Y,최초위험성평가_운정아이파크포레스트 (1).xls
RA-E60-312F18A787,N,에이치디씨현대산업개발,전기정보통신 / 전기방재설비공사,전기실 설치 공사,전기실 설치,그라인더 사용 시 작업 날에 신체부위 베임 위험,절단 · 베임,"1. TBM시에 개인보호구 착용상태 점검 후 작업 실시 2. 작업 전 베임방지장갑 지급, 착용 확인 후 작업 실시",3,4,12,중,,N,,현장반영후보,Y,최초위험성평가_운정아이파크포레스트 (1).xls
RA-E60-CF4B81E72D,N,에이치디씨현대산업개발,전기정보통신 / 전기방재설비공사,전기실 설치 공사,전기실 설치,근로자 개인보호구 미착용으로 인한 감전,전기접촉,1. 개인보호구(절연) 착용 2. 2인1조 작업 실시,2,3,6,하,,N,,현장반영후보,Y,최초위험성평가_운정아이파크포레스트 (1).xls
RA-E60-AF677957D2,N,에이치디씨현대산업개발,전기정보통신 / 전기방재설비공사,전기실 설치 공사,노출배관 및 입선 작업,렌탈 상승시 작업대와 천장부에 근로자 협착위험,끼임,"1. 작업 전 안전장치 작동상태 확인(과상승방지봉,협착방지틀)",4,5,20,상,,N,,현장반영후보,Y,최초위험성평가_운정아이파크포레스트 (1).xls
RA-E60-84D0CDBBF7,N,에이치디씨현대산업개발,전기정보통신 / 전기방재설비공사,전기실 설치 공사,벽체배관작업,"말비계 사용가능 높이 미준수 및 안전난간, 단부인지장치 미설치로 인한 추락 사고, 말비계 상부에서 작업후 하강시 추락위험",떨어짐,"1. 말비계 승강시와 동일하게 하강시 내려올것 2. 말비계 단부안지장치, 논슬림테이프 설치 확인",3,4,12,중,,N,,현장반영후보,Y,최초위험성평가_운정아이파크포레스트 (1).xls
RA-E60-5AE337A4AF,N,에이치디씨현대산업개발,전기정보통신 / 전기방재설비공사,전기실 설치 공사,전기실 설치,바닥이 평탄하지 않은곳에 작업발판 설치 하여 전도,떨어짐,1. 작업시 2인 1조 진핼 2. 말비계 사용시 발판 폭 40CM 이상 사용 3. 바닥 주변 장애물 제거 후 작업 실시,3,4,12,중,,N,,현장반영후보,Y,최초위험성평가_운정아이파크포레스트 (1).xls
RA-E60-EB3B54888A,N,에이치디씨현대산업개발,전기정보통신 / 전기방재설비공사,전기실 설치 공사,지하층 램프 및 주차장 슬라브 배관,"배관 작업시 전방방향이 아닌 후면방향으로 배관시 계단실, E/V홀 등 개구부를 인지하지 못하여 발빠짐 및 추락 위험",떨어짐,"1. 추락 위험부위는 안전난간, 개구부덮개 사전점검 및 조치 후 작업 투입 2. 배관 작업시 반드시 전방 주시하며 작업 3. 단부쪽 작업시에는 안전고리 체결하여 작업",4,5,20,상,,N,,현장반영후보,Y,최초위험성평가_운정아이파크포레스트 (1).xls
RA-E60-A9629AF5C9,N,에이치디씨현대산업개발,전기정보통신 / 전기방재설비공사,전기실 설치 공사,기둥 및 램프 벽체 매입배관,벽체 배관 말비계 사용시 2인 1조 미실시 및 발판 끝쪽에서 작업중 추락 위험,넘어짐,"1. 낙상경보기, 벌어짐 방지장치, 미끄럼방지패드가 설치된 말비계 사용 2. 안전팀에게 검수받은 말비계만 사용 3. 안전고리 체결 후 작업",3,4,12,중,,N,,현장반영후보,Y,최초위험성평가_운정아이파크포레스트 (1).xls
RA-E60-259F62258C,N,에이치디씨현대산업개발,전기정보통신 / 전기방재설비공사,전기실 설치 공사,전기실 설치,사다리 설치장소의 바닥이 수평상태가 좋지않아작업 중 한쪽으로 쏠림현상으로 떨어짐 위험,떨어짐,"1. 사다리 작업 시 2인 1조 준수, 아웃트리거 설치 및 안전고리 체결 후 작업 실시 2. 사다리 작업 전 말비계 설치장소 바닥수평 확인 후 작업",4,5,20,상,,N,,현장반영후보,Y,최초위험성평가_운정아이파크포레스트 (1).xls
RA-E60-CA5E21C869,N,에이치디씨현대산업개발,전기정보통신 / 전기방재설비공사,전기실 설치 공사,수배전반 양중,수배전반 양중 시 장비반입구 하부 통제 미흡으로 인한 낙하위험,맞음,1. 장비반입구 하부 통제원 배치,4,5,20,상,,N,,현장반영후보,Y,최초위험성평가_운정아이파크포레스트 (1).xls
RA-E40-00D4371284,N,에이치디씨현대산업개발,전기정보통신 / 전기방재설비공사,전기실 설치 공사,케이블트레이 및 몰드바 설치,이동식 고소작업대 사용중 작업대와 천장 구조물에 근로자 협착 위험,끼임,"작업 전 안전장치 (과상승방지봉, 협착방지틀) 작동상태 확인 및 사용 확인",4,5,20,상,,N,,현장반영후보,Y,최초위험성평가_운정아이파크포레스트 (1).xls
RA-E60-8CD5358FEC,N,에이치디씨현대산업개발,전기정보통신 / 전기방재설비공사,전기실 설치 공사,배관자재 운반 및 작업장 이동,작업장 이동구간에 이동통로 및 정리정돈 미흡으로 인한 넘어짐,넘어짐,사전 작업전 이동통로구간 자재정리 및 이동통로 확보에 대한 사항 TBM시 전파,2,3,6,하,,N,,현장반영후보,Y,최초위험성평가_운정아이파크포레스트 (1).xls
RA-E60-A916874E1A,N,에이치디씨현대산업개발,전기정보통신 / 전기방재설비공사,전기실 설치 공사,수배전반 양중,장비반입구 사용 양중 시 하부 통제 미흡으로 인한 하부 낙하위험,맞음,1. 장비반입구 하부 통제구역 설정 및 통제원 배치 확인,4,5,20,상,,N,,현장반영후보,Y,최초위험성평가_운정아이파크포레스트 (1).xls
RA-E60-A41E1824F6,N,에이치디씨현대산업개발,전기정보통신 / 전기방재설비공사,전기실 설치 공사,전기실 자재 반입,전기실 반입 시 지게차 사용시 운전원 부주의로 인한 충돌,부딪힘,1. 차량 건설기계 작업 계획서 작성 2. 사전 작업 허가 3. 신호수 배치 및 작업 개시전 특별 교육 실시,3,4,12,중,,N,,현장반영후보,Y,최초위험성평가_운정아이파크포레스트 (1).xls
RA-E60-F09E246728,N,에이치디씨현대산업개발,전기정보통신 / 전기방재설비공사,전기실 설치 공사,전기실 설치,"전기실 설치시 불안전하게 설치하여 작업 중 전도, 낙하",넘어짐,"전기실 설치는 전도, 낙하 위험이 없는 안전한 장소에 설치",2,3,6,하,,N,,현장반영후보,Y,최초위험성평가_운정아이파크포레스트 (1).xls
RA-E60-1120B48943,N,에이치디씨현대산업개발,전기정보통신 / 전기방재설비공사,전기실 설치 공사,전기실 설치,전기실 설치시 용접 작업으로 인한 화재,화재,1. 화기작업 허가서 작성 2. 화재 감시자 배치 3. 소화기 배치 등 소화시설 마련,3,4,12,중,,N,,현장반영후보,Y,최초위험성평가_운정아이파크포레스트 (1).xls
RA-E60-10BF19EC4F,N,에이치디씨현대산업개발,전기정보통신 / 전기방재설비공사,전기실 설치 공사,전기실 자재 반입,전기실 자재 반입시 지게차 운전원 과적재로 인한 낙하,맞음,1. 장비 운전원 특별 교육 실시 2. 과적 금지(장비 운전원 시야 확보),3,4,12,중,,N,,현장반영후보,Y,최초위험성평가_운정아이파크포레스트 (1).xls
RA-E60-199AD8114A,N,에이치디씨현대산업개발,전기정보통신 / 전기방재설비공사,전기실 설치 공사,전기실 설치,주변 작업장 정리 미실시로 인해 전도,넘어짐,"1, 작업 구간 정리정돈 실시 2. 자재 야적장 구획 관리",2,3,6,하,,N,,현장반영후보,Y,최초위험성평가_운정아이파크포레스트 (1).xls
RA-E60-E2E879593C,N,에이치디씨현대산업개발,전기정보통신 / 전기방재설비공사,전기실 설치 공사,전기실 자재 양중,지반 평탄화 미실시로 인한 크레인 전도,맞음,1. 작업 개시전 지반 및 지형 상태 확인 2. 관리감독자 장비 및 지반 상태 점검 3. 자재 양중시 과부화 방지,3,4,12,중,,N,,현장반영후보,Y,최초위험성평가_운정아이파크포레스트 (1).xls
RA-E60-FE0508465F,N,에이치디씨현대산업개발,전기정보통신 / 전기방재설비공사,전기실 설치 공사,전기실 자재 양중,크레인을 사용하여 전기실 자재 반입시 크레인 운전원 부주의로 인한 낙하,맞음,1. 작업 개시전 장비 점검 실시 2. 인양 로프 및 슬링벨트 점검 3. 작업 계획서 작성 및 중량물 취급 계획서 작성,3,4,12,중,,N,,현장반영후보,Y,최초위험성평가_운정아이파크포레스트 (1).xls
RA-E60-738D3CD825,N,에이치디씨현대산업개발,전기정보통신 / 전기방재설비공사,전기실 설치 공사,현장도보 이동,현장내 도보 이동중 지반이 약한 구간 미확인으로 인한 전도위험,넘어짐,1. 이동간에는 개인보호구 철저히 착용 및 관리 2. 도보중에는 주변 확인 후 이동하고 이동중 도면검토는 금함,2,3,6,하,,N,,현장반영후보,Y,최초위험성평가_운정아이파크포레스트 (1).xls
RA-E80-D762382C8F,N,에이치디씨현대산업개발,전기정보통신 / 정보통신공사,방송설비,자재 반입,자재를 하역후 후진하던 지게차에 의 해 접근하는 근로자가 끼이는 위험.,끼임,1. 해당작업은 고숙력 작업반장이 직접 지휘하여 자재 하역작업 실시 2. 작업전일 차량계 하역운반계획서 확인 및 동선확인후 작업여건을 고려하여 신호수배치,4,5,20,상,,N,,현장반영후보,Y,최초위험성평가_운정아이파크포레스트 (1).xls
RA-E80-AC065BF827,N,에이치디씨현대산업개발,전기정보통신 / 정보통신공사,홈네트워크설비,자재 준비,그라인더 사용 시 작업 날에 신체부위 베임 위험.,절단 · 베임,"1. TBM시에 개인보호구 착용상태 점검 후 작업 실시 2. 작업 전 베임방지장갑 지급, 착용 확인 후 작업 실시",3,4,12,중,,N,,현장반영후보,Y,최초위험성평가_운정아이파크포레스트 (1).xls
RA-E80-66FC128519,N,에이치디씨현대산업개발,전기정보통신 / 정보통신공사,홈네트워크설비,홈네트워크 설치,바닥이 평탄하지 않은곳에 작업발판 설치 하여 전도,떨어짐,1. 작업시 2인 1조 진핼 2. 말비계 사용시 발판 폭 40CM 이상 사용 3. 바닥 주변 장애물 제거 후 작업 실시,3,4,12,중,,N,,현장반영후보,Y,최초위험성평가_운정아이파크포레스트 (1).xls
RA-E80-00B841E8D9,N,에이치디씨현대산업개발,전기정보통신 / 정보통신공사,홈네트워크설비,자재 운반,비닐포장 및 자재박스 해체시 커터칼을 사용하여 작업중 작업자 부주의로 인하여 칼에 의해 베임부상 위험,절단 · 베임,비닐포장 해체 시 커터칼 등 날카로운 도구 사용 최소화 및 해체 도구 미사용 시 즉시 정리,2,3,6,하,,N,,현장반영후보,Y,최초위험성평가_운정아이파크포레스트 (1).xls
RA-E80-E812D713B3,N,에이치디씨현대산업개발,전기정보통신 / 정보통신공사,홈네트워크설비,홈네트워크 설치,사다리 위에서 작업중 떨어짐 위험.,떨어짐,"1. 사다리 작업 시 2인 1조 준수, 아웃트리거 설치 및 안전고리 체결 후 작업 실시 2. 사다리 작업 전 말비계 설치장소 바닥수평 확인 후 작업",4,5,20,상,,N,,현장반영후보,Y,최초위험성평가_운정아이파크포레스트 (1).xls
RA-E80-6542FBE4A4,N,에이치디씨현대산업개발,전기정보통신 / 정보통신공사,홈네트워크설비,자재 운반,자재 소운반 시 부적절한 자세로 중량물 취급 중 근골격계 질환 발생 위험,직업성 질병,"작업 전 올바른 중량물 취급 방법에 대한 교육 실시 후 작업, 2인 1조 작업 실시",2,3,6,하,,N,,현장반영후보,Y,최초위험성평가_운정아이파크포레스트 (1).xls
RA-E80-FB3588E9DB,N,에이치디씨현대산업개발,전기정보통신 / 정보통신공사,홈네트워크설비,자재 반입,자재 하역시 신호수 미배치로 인한 근로자 장비 충돌 위험,부딪힘,하역운반기계 작업시에는 반드시 사각지대에 신호수 배치하여 운영관리,3,4,12,중,,N,,현장반영후보,Y,최초위험성평가_운정아이파크포레스트 (1).xls
RA-E80-5B97DBFF01,N,에이치디씨현대산업개발,전기정보통신 / 정보통신공사,홈네트워크설비,자재 운반,자재가 철재로 되어있어 맨손으로 운반 시자재에 의해 손베임 부상위험,절단 · 베임,자재운반 시 장갑을 착용하고 운반작업,2,3,6,하,,N,,현장반영후보,Y,최초위험성평가_운정아이파크포레스트 (1).xls
RA-E80-9D2B344FE5,N,에이치디씨현대산업개발,전기정보통신 / 정보통신공사,홈네트워크설비,홈네트워크 설치,주변 작업장 정리 미실시로 인해 전도,넘어짐,"1, 작업 구간 정리정돈 실시 2. 자재 야적장 구획 관리",2,3,6,하,,N,,현장반영후보,Y,최초위험성평가_운정아이파크포레스트 (1).xls
RA-E80-236D9282AF,N,에이치디씨현대산업개발,전기정보통신 / 정보통신공사,홈네트워크설비,자재 하역,지면이 평탄하지 않은 곳에서 자재 하역중 지게차가 전복되는위험.,넘어짐,이동간 요철부 확인하여 사전제거조치 및 사전에 동선파악하여 관리,3,4,12,중,,N,,현장반영후보,Y,최초위험성평가_운정아이파크포레스트 (1).xls
RA-E70-F4CAF80019,N,에이치디씨현대산업개발,전기정보통신 / 조명설비공사,가로등 설치,전등설치,A형 사다리위에서 전등설치 작업 중 몸의 균형을 잃고 추락,떨어짐,A형 사다리 작업은 2인 1조로 하여 작업하고 전등 설치작업 시 사용 지양,4,5,20,상,,N,,현장반영후보,Y,최초위험성평가_운정아이파크포레스트 (1).xls
RA-E70-55AB03E2BF,N,에이치디씨현대산업개발,전기정보통신 / 조명설비공사,가로등 설치,가로등 케이블 설치,가로등(신호등) 케이블 설치 구간에서 케이블 드럼 작업중 구름방지장치를 설치하지않고 작업하다가 드럼이 굴러 근로자 충돌 및 협착 위험,부딪힘,-케이블 드럼 구름방지장치(STOPPER) 설치 후 작업하도록 교육 -개인보호구 착용상태 확인,3,4,12,중,,N,,현장반영후보,Y,최초위험성평가_운정아이파크포레스트 (1).xls
RA-E60-B309370220,N,에이치디씨현대산업개발,전기정보통신 / 조명설비공사,가로등 설치,전등결선 조립,결선 방법 불량으로 인한 전등 설치 후 작동 불능 및 이상 발생,기타,"전등결선 시 색깔에 맞는 자재 등을 이용하여 결선 (일반:HIV4MM흰색,UPS:HIV4MM적색,비상등:HIV4MM파랑,접지:HIV2.5MM녹색 접지와 전원을 확인하여 결선 작업)",2,3,6,하,,N,,현장반영후보,Y,최초위험성평가_운정아이파크포레스트 (1).xls
RA-E70-70E131E9F3,N,에이치디씨현대산업개발,전기정보통신 / 조명설비공사,가로등 설치,가로등주 상부 가공전선 높이 측정,고소작업차 탑승하여 가공전선 높이를 측정중 전도 위험,넘어짐,고소작업차 아웃트리거 최대한 확장 및 발판 설치 고소작업차 설치시 작업구역 지반상태 확인,4,5,20,상,,N,,현장반영후보,Y,최초위험성평가_운정아이파크포레스트 (1).xls
RA-E70-E2F7BB128E,N,에이치디씨현대산업개발,전기정보통신 / 조명설비공사,가로등 설치,자재반입,공도구 점검 미흡으로 인한 사용 중 감전,전기접촉,작업전 반입점검 실시후 공도구 점검 월간스티커 발부하여 주기적으로 관리실시,3,4,12,중,,N,,현장반영후보,Y,최초위험성평가_운정아이파크포레스트 (1).xls
RA-C20-D94C1A4E9B,N,에이치디씨현대산업개발,전기정보통신 / 조명설비공사,가로등 설치,가로등 기초 및 전선관 설치,굴착기 버켓이 연결부에 탈락하면서 낙하,떨어짐,굴착기 버켓 연결부 체결상태(안전핀) 확인 굴착기 운전원 TBM시 교육,4,5,20,상,,N,,현장반영후보,Y,최초위험성평가_운정아이파크포레스트 (1).xls
RA-C20-6E57EF8427,N,에이치디씨현대산업개발,전기정보통신 / 조명설비공사,가로등 설치,가로등 기초 및 전선관 설치,굴착기 후진 및 회전중 후방 근로자 충돌 위험,부딪힘,"장비 운행전 후방카메라, 경광등, 경고음 설치 및 작동상태 확인 신호수 배치하여 접근인원 통제",3,4,12,중,,N,,현장반영후보,Y,최초위험성평가_운정아이파크포레스트 (1).xls
RA-E70-750B3DE4B6,N,에이치디씨현대산업개발,전기정보통신 / 조명설비공사,가로등 설치,전등설치,상부 고소작업시 안전고리 미체결로 인한 추락위험,떨어짐,상부 근로자 안전고리 체결후 작업실시,4,5,20,상,,N,,현장반영후보,Y,최초위험성평가_운정아이파크포레스트 (1).xls
RA-E70-D05CEFC810,N,에이치디씨현대산업개발,전기정보통신 / 조명설비공사,가로등 설치,전등설치,상부 작업시 하부 근로자 통제 미흡으로 인한 낙하위험,맞음,하부 작업구간 구획설정 및 통제 실시,3,4,12,중,,N,,현장반영후보,Y,최초위험성평가_운정아이파크포레스트 (1).xls
RA-C20-EE14EF78AF,N,에이치디씨현대산업개발,전기정보통신 / 조명설비공사,가로등 설치,가로등 설치,선로 설치를 위해 굴착작업시 신호수 미배치로 장비랑 출동위험 크레인 이용시 줄걸이 불량으로 자재낙하 위험,부딪힘,"신호수 배치 및 장비 후미에서 작업금지, 작업전 줄걸이 점검,줄걸이 시 자재 확인,유도로프 설치",3,4,12,중,,N,,현장반영후보,Y,최초위험성평가_운정아이파크포레스트 (1).xls
RA-E70-5DE232E3AD,N,에이치디씨현대산업개발,전기정보통신 / 조명설비공사,가로등 설치,신호등 기초 타설,신호등 기초 타설시 레미콘차량이 후진할 때 주변 근로자가 충돌 위험,부딪힘,레미콘 차량 후진시 유도자(신호수)를 배치하여 주변 근로자 통제,3,4,12,중,,N,,현장반영후보,Y,최초위험성평가_운정아이파크포레스트 (1).xls
RA-E70-733F81AE86,N,에이치디씨현대산업개발,전기정보통신 / 조명설비공사,가로등 설치,전등설치,이동식 틀비계를 승/하강 작업 중 추락,떨어짐,이동식 틀비계 승하강 설비를 설치하고 승하강 시 서두르지 않도록 교육,4,5,20,상,,N,,현장반영후보,Y,최초위험성평가_운정아이파크포레스트 (1).xls
RA-E70-6E84CEB3BA,N,에이치디씨현대산업개발,전기정보통신 / 조명설비공사,가로등 설치,작업준비,자재 정리정돈 미흡으로 이동 중 전도,넘어짐,이동통로상에 자재 방치 금지하고 자재는 정리 정돈철저,3,4,12,중,,N,,현장반영후보,Y,최초위험성평가_운정아이파크포레스트 (1).xls
RA-E70-460F6B153C,N,에이치디씨현대산업개발,전기정보통신 / 조명설비공사,가로등 설치,자재 하역 및 자재 소운반,자재 하역시 지게차 후진 및 회전시 근로자 충돌 위험,부딪힘,"장비 투입전 후방카메라, 경광등, 경고음 작동상태 확인 및 신호수 배치하여 작업구역 통제",3,4,12,중,,N,,현장반영후보,Y,최초위험성평가_운정아이파크포레스트 (1).xls
RA-E70-AEDD09E86E,N,에이치디씨현대산업개발,전기정보통신 / 조명설비공사,가로등 설치,자재반입,자재운반대차를 이용하여 작업 중 대차에 발끼임,끼임,운반대차 보양하여 발등이 끼이지 않도록 조치,3,4,12,중,,N,,현장반영후보,Y,최초위험성평가_운정아이파크포레스트 (1).xls
RA-E70-8FFB77AE23,N,에이치디씨현대산업개발,전기정보통신 / 조명설비공사,가로등 설치,전등설치,"작업 중 폐형광등, 폐전구 발생",유해물질접촉,"폐형광등, 폐전구는 처리업체에 직접 재활용처리 가능(한국조명재활용 공사에 위탁처리 가능)",2,3,6,하,,N,,현장반영후보,Y,최초위험성평가_운정아이파크포레스트 (1).xls
RA-E70-0048897C56,N,에이치디씨현대산업개발,전기정보통신 / 조명설비공사,가로등 설치,장비사용,장비 사용시 운전원 부주의로 인한 낙하 위험,끼임,1. 건설기계 장비 작업계획서 작성 확인 2. 신호수 배치 및 작업 구간 구획 실시 3. 관리감독자 상주 확인,3,4,12,중,,N,,현장반영후보,Y,최초위험성평가_운정아이파크포레스트 (1).xls
RA-E70-DBB81CD2C9,N,에이치디씨현대산업개발,전기정보통신 / 조명설비공사,가로등 설치,장비반입,장비 투입시 신호수 미배치로인한 협착 위험,끼임,1. 건설기계 장비 작업계획서 작성 확인 2. 신호수 배치 및 작업 구간 구획 실시,3,4,12,중,,N,,현장반영후보,Y,최초위험성평가_운정아이파크포레스트 (1).xls
RA-E60-E730875445,N,에이치디씨현대산업개발,전기정보통신 / 조명설비공사,가로등 설치,전등결선 조립,전등 조립 작업 시 찰과상 주의,절단 · 베임,안전 장갑 착용,2,3,6,하,,N,,현장반영후보,Y,최초위험성평가_운정아이파크포레스트 (1).xls
RA-E70-84A691FA56,N,에이치디씨현대산업개발,전기정보통신 / 조명설비공사,가로등 설치,전등설치,테이블리프트 이용하여 작업 중 과상승하여 협착,끼임,테이블 리프트 과상승 방지장치 등 안전장치 이상유무 점검 철저,4,5,20,상,,N,,현장반영후보,Y,최초위험성평가_운정아이파크포레스트 (1).xls
RA-E70-21C7220055,N,에이치디씨현대산업개발,전기정보통신 / 조명설비공사,가로등 설치,전등설치,테이블리프트 작업시 주위 근로자 미통제로 인한 근로자와 장비간 협착위험,끼임,테이블 리프트 주위 근로자 통제실시 및 작업구획설정,3,4,12,중,,N,,현장반영후보,Y,최초위험성평가_운정아이파크포레스트 (1).xls
RA-E70-2733E0A303,N,에이치디씨현대산업개발,전기정보통신 / 조명설비공사,가로등 설치,가로등 기초 및 전선관 설치,혹한기 기온 악화로 저체온증 위험,근골격계질환,작업전 준비운동으로 몸의 긴장을 풀고 작업실시 휴식시간을 보장하고 핫팩 및 고체연로를 지급한다. (메탄올 10%이하 연료 사용) 고체연료 사용시 소화기를 비치한다.,3,4,12,중,,N,,현장반영후보,Y,최초위험성평가_운정아이파크포레스트 (1).xls
RA-F10-9B82F13C70,N,에이치디씨현대산업개발,전기정보통신 / 조명설비공사,옥내 조명설치,감지기/후렉시블설치작업,"- 고소작업대 상부 전도,추락의 위험",떨어짐,"- 과상승방지봉 60CM이상 설치 고정 - 신호수 배치 2인 1조 작업 - 난간대설치, 상승시 난간대 안전고리 체결",4,5,20,상,,N,,현장반영후보,Y,최초위험성평가_운정아이파크포레스트 (1).xls
RA-E70-36819BA1F5,N,에이치디씨현대산업개발,전기정보통신 / 조명설비공사,옥내 조명설치,support 설치,Support 설치시 고소작업대 혹은 이동식 비계 위에서 작업중 불안전행동에 의한 전도,넘어짐,1.규정에 맞는 고소작업 대 및 이동식 비계 사용 2.개인보호구 착용 및 안전고리 체결 철저,4,5,20,상,,N,,현장반영후보,Y,최초위험성평가_운정아이파크포레스트 (1).xls
RA-E40-F5971CCAF5,N,에이치디씨현대산업개발,전기정보통신 / 조명설비공사,옥내 조명설치,트레이 절단,고속 절단기 사용시 불티 비산 방지막 미비치로 인한 화재,화재,불티 비산 방지막 배치 및 소화 시설 구비,3,4,12,중,,N,,현장반영후보,Y,최초위험성평가_운정아이파크포레스트 (1).xls
RA-E40-8C69594020,N,에이치디씨현대산업개발,전기정보통신 / 조명설비공사,옥내 조명설치,트레이 절단,공도구 사용시 작업방법 미숙으로 인한 손 베임,절단 · 베임,작업 개시 전 공도구 점검 실시,3,4,12,중,,N,,현장반영후보,Y,최초위험성평가_운정아이파크포레스트 (1).xls
RA-E40-E1E2FA6EA8,N,에이치디씨현대산업개발,전기정보통신 / 조명설비공사,옥내 조명설치,Tray 절단,그라인더 사용시 작업방법 미숙으로 인한 손 베임,절단 · 베임,"작업 전 공도구 점검, 숙련공 외 사용 금지",3,4,12,중,,N,,현장반영후보,Y,최초위험성평가_운정아이파크포레스트 (1).xls
RA-E60-AA95321568,N,에이치디씨현대산업개발,전기정보통신 / 조명설비공사,옥내 조명설치,전기판넬 하부 블랭크 플레이트 설치,드릴 작업시 콘크리트 비산물질로 인한 호흡기 질환 위험,직업성 질병,"드릴작업 시 보안경,마스크 착용을 하여 작업을 실시",2,3,6,하,,N,,현장반영후보,Y,최초위험성평가_운정아이파크포레스트 (1).xls
RA-E70-12A09E2900,N,에이치디씨현대산업개발,전기정보통신 / 조명설비공사,옥내 조명설치,보안등 설치,"보안등 설치를 위해 보안등 자재운반시 주변에서 작업중이던 타공종 장비와의 충돌,협착위험",부딪힘,작업구역 주변 타공종 장비 작업여부 확인하여 2인 1조로 안전하게 작업실시,4,5,20,상,,N,,현장반영후보,Y,최초위험성평가_운정아이파크포레스트 (1).xls
RA-E60-3037CA8AB2,N,에이치디씨현대산업개발,전기정보통신 / 조명설비공사,옥내 조명설치,전기판넬 결선,분전함 결선 작업시 케이블 피복 탈피작업중 칼에의해 작업자 손베임 위험,절단 · 베임,케이블 피복 탈피작업시 반드시 개인보호구(손베임방지장갑) 착용하여 작업실시,2,3,6,하,,N,,현장반영후보,Y,최초위험성평가_운정아이파크포레스트 (1).xls
RA-E60-7E5138CD33,N,에이치디씨현대산업개발,전기정보통신 / 조명설비공사,옥내 조명설치,세대 내부 결선,불편한 자세를 장시간 지속하여 근골격계 질환 발생위험,인간공학,작업 전/중/후 휴식 및 스트레칭 시간을 배분하여 작업(50분 작업시 10분 휴식),2,3,6,하,,N,,현장반영후보,Y,최초위험성평가_운정아이파크포레스트 (1).xls
RA-E70-BCADEFDC75,N,에이치디씨현대산업개발,전기정보통신 / 조명설비공사,옥내 조명설치,서포트 설치,서포트 설치시 고소작업대 혹은 이동식 비계 위에서 작업중 불안전행동에 의한 추락,떨어짐,개인보호구 착용 및 안전고리 체결,3,4,12,중,,N,,현장반영후보,Y,최초위험성평가_운정아이파크포레스트 (1).xls
RA-E70-757B2FF1B2,N,에이치디씨현대산업개발,전기정보통신 / 조명설비공사,옥내 조명설치,서포트 설치,서포트 설치시 사다리 혹은 말비계 위에서 작업중 불안전행동에 의한 추락,넘어짐,1.작업위치에 적합 한 작업대 사용 2.개인보호구 착용 및 안전고리 체결 철저,3,4,12,중,,N,,현장반영후보,Y,최초위험성평가_운정아이파크포레스트 (1).xls
RA-E40-2E87460DD9,N,에이치디씨현대산업개발,전기정보통신 / 조명설비공사,옥내 조명설치,트레이 절단,절단 작업중 회전하는 톱날에 손가락을 베이는 사고 위험,절단 · 베임,고속글라인더 회전속도에 맞는 날로 교체,3,4,12,중,,N,,현장반영후보,Y,최초위험성평가_운정아이파크포레스트 (1).xls
RA-E70-149FD152F5,N,에이치디씨현대산업개발,전기정보통신 / 조명설비공사,옥내 조명설치,계단실 전등 설치,평탄하지 않은 곳에 말비계 사용 시 말비계가 흔들리게 되어 추락위험 작업중 말비계 끝단을 인지하지 못하여 작업자 추락위험,떨어짐,말비계 사용시 말비계 양끝단에 낙상경보기 설치 및 경보기 작동상태 점검 후 안전인증된 말비계만 사용 말비계 설치 전 바닥이 평탄 할 수 있도록 작업구역 정리 후 작업,3,4,12,중,,N,,현장반영후보,Y,최초위험성평가_운정아이파크포레스트 (1).xls
RA-E70-85613D7696,N,에이치디씨현대산업개발,전기정보통신 / 조명설비공사,옥외 조명설치,support 설치,Support 설치시 고소작업대 혹은 이동식 비계 위에서 작업중 불안전행동에 의한 추락,떨어짐,1.규정에 맞는 고소작업 대 및 이동식 비계 사용 2.개인보호구 착용 및 안전고리 체결 철저,4,5,20,상,,N,,현장반영후보,Y,최초위험성평가_운정아이파크포레스트 (1).xls
RA-E40-4CC98E9CF9,N,에이치디씨현대산업개발,전기정보통신 / 조명설비공사,옥외 조명설치,Tray 설치,Tray 설치시 고소작업대 사용방법 미숙으로 협착,끼임,교육 이수자외 탑승 및 운전금지,4,5,20,상,,N,,현장반영후보,Y,최초위험성평가_운정아이파크포레스트 (1).xls
RA-C20-6F06F9CEBB,N,에이치디씨현대산업개발,전기정보통신 / 조명설비공사,옥외 조명설치,터파기,굴착면 지반 불량에 따른 장비 전도,넘어짐,작업 전 굴착구간 지반상태 사전 점검,3,4,12,중,,N,,현장반영후보,Y,최초위험성평가_운정아이파크포레스트 (1).xls
RA-E70-D001B33403,N,에이치디씨현대산업개발,전기정보통신 / 조명설비공사,옥외 조명설치,보안등 설치,등기구 운반시 단독으로 운반하다 근로자 근골격계 질환 위험,근골격계질환,자재운반시 반드시 2인 1조로 하여 한번에 많은양 운반 금지,2,3,6,하,,N,,현장반영후보,Y,최초위험성평가_운정아이파크포레스트 (1).xls
RA-E60-C16B4B13E3,N,에이치디씨현대산업개발,전기정보통신 / 조명설비공사,옥외 조명설치,등기구 취부 및 결선,등기구 취부 및 결선 작업을 위해 냉컨 구조물 상부 작업시 작업자가 중심을 잃고 구조물 하부로 추락할 위험,떨어짐,등기구 작업자는 작업 투입전 안전벨트 및 보호구 착용상태 확인하고 작업간에는 안전고리 체결하여 작업실시,4,5,20,상,,N,,현장반영후보,Y,최초위험성평가_운정아이파크포레스트 (1).xls
RA-E70-9C05233112,N,에이치디씨현대산업개발,전기정보통신 / 조명설비공사,옥외 조명설치,몰드바 전등설치,말비계사용 작업시 미끄럼이나 추락/전도의 위험,떨어짐,말비계높이 폭 규정준수 작업전 아웃트리거 및 낙상경보기 점검 벌림방지 와이어 상태확인 바닥상태확인 및 공간확보후 작업진행,3,4,12,중,,N,,현장반영후보,Y,최초위험성평가_운정아이파크포레스트 (1).xls
RA-E70-9F2DED7867,N,에이치디씨현대산업개발,전기정보통신 / 조명설비공사,옥외 조명설치,샘플 램프등 설치,보강토 위에 단부구간에서 램프등 설치 작업시 벨트걸이 시설이 없어 고리 체결 없이 작업하다 추락할 위험,떨어짐,보강토위에 벨트걸이 시설 설치 후 고리 체결할 수 있도록 하여 추락 방지할 것,3,4,12,중,,N,,현장반영후보,Y,최초위험성평가_운정아이파크포레스트 (1).xls
RA-E70-2AD515481F,N,에이치디씨현대산업개발,전기정보통신 / 조명설비공사,옥외 조명설치,보안등 설치,"보안등 설치를 위해 보안등 자재운반 및 설치시 주변에서 작업중이던 타공종 장비와의 충돌,협착위험",부딪힘,작업구역 주변 타공종 장비작업여부 확인하여 이동동선 설정 후 2인1조로 하여 안전하게 작업실시,4,5,20,상,,N,,현장반영후보,Y,최초위험성평가_운정아이파크포레스트 (1).xls
RA-E70-A08788DE86,N,에이치디씨현대산업개발,전기정보통신 / 조명설비공사,옥외 조명설치,보안등 설치,보안등기구 체결작업시 작업자의 불안전한 행동에 의해 손가락 협착위험,끼임,보안등 작업전 안전수칙 교육 및 작업간 불안전한 행동(휴대폰 사용등) 금지,2,3,6,하,,N,,현장반영후보,Y,최초위험성평가_운정아이파크포레스트 (1).xls
RA-E70-76E9F5DFCC,N,에이치디씨현대산업개발,전기정보통신 / 조명설비공사,옥외 조명설치,문주 조명설치,스카이 탑승 및 틀비계 사용 시 상부작업자 안전벨트 미착용으로 인한 추락사고 위험,떨어짐,사전작업허가서 작성 작업구역 주변 전담 신호수 배치 상부작업자 안전벨트 착용 및 안전고리 체결 후 작업실시,4,5,20,상,,N,,현장반영후보,Y,최초위험성평가_운정아이파크포레스트 (1).xls
RA-E60-70A314772F,N,에이치디씨현대산업개발,전기정보통신 / 조명설비공사,옥외 조명설치,앙카드릴 이용한 판넬 지지대 설치 및 조명기구 (상부 라인조명) 설치,앙카드릴 이용한 작업 시 파편 비산,인간공학,작업인원 안전고글 착용 파편 방지 위한 비산방지도구 설치 작업인원 외의 인원에 대한 안전통제,4,5,20,상,,N,,현장반영후보,Y,최초위험성평가_운정아이파크포레스트 (1).xls
RA-E70-77FB782214,N,에이치디씨현대산업개발,전기정보통신 / 조명설비공사,옥외 조명설치,조명 설치,인양시 불안전한 상태로 인한 작업중 근로자 충돌,부딪힘,1.자재 인양로프 사용 2.신호수 외 타 근로자 접근 금지 3.2줄걸이 사용,3,4,12,중,,N,,현장반영후보,Y,최초위험성평가_운정아이파크포레스트 (1).xls
RA-C20-1F68104BF2,N,에이치디씨현대산업개발,전기정보통신 / 조명설비공사,옥외 조명설치,터파기,장비 주변 신호수 미 배치 및 작업구역 미 설치에 따른 협착,끼임,1.신호수 배치 2.작업구간 경계구역 표시 및 보행자 통제,4,5,20,상,,N,,현장반영후보,Y,최초위험성평가_운정아이파크포레스트 (1).xls
RA-E70-6A9A478B34,N,에이치디씨현대산업개발,전기정보통신 / 조명설비공사,옥외 조명설치,조명 설치,장비로 인한 조명 설치시 불안전한 상태하에 작업중 조명 낙하,맞음,1.자재 인양로프 사용 및 사전 점검 2.주변통제 철저,4,5,20,상,,N,,현장반영후보,Y,최초위험성평가_운정아이파크포레스트 (1).xls
RA-E50-988E7B034D,N,에이치디씨현대산업개발,전기정보통신 / 조명설비공사,옥외 조명설치,주차램프 조명 배관배선 및 분전함 설치작업,틀비계에서 배관배선 작업시 추락 및 낙하 위험,전기접촉,비계에서 작업전 점검. 작업시 항상 안전고리 체결 후 작업 배선작업시 감전사고 주의,3,4,12,중,,N,,현장반영후보,Y,최초위험성평가_운정아이파크포레스트 (1).xls
RA-C20-BA8D75DD2F,N,에이치디씨현대산업개발,전기정보통신 / 피뢰및접지공사,접지공사(골조),ELP배관 관로 작업 (터파기 및 되메우기),굴착 작업 간 굴착법면 안식각 미 준수로 인한 붕괴로 장비 전도,깔림,1.터파기 작업간 작업지휘자는 분도기를 사용하여 법면의 안식각 준수 여부를 확인 (오전/오후 각 2회) 2.굴착법면 상부 토사 적재 금지 및 안전거리 유지,3,4,12,중,,N,,현장반영후보,Y,최초위험성평가_운정아이파크포레스트 (1).xls
RA-E20-5A151DAA4B,N,에이치디씨현대산업개발,전기정보통신 / 피뢰및접지공사,접지공사(골조),슬라브 바닥 접지,단부구간을 등지고 뒷걸음으로 작업시 추락위험,떨어짐,단부구간 작업시 단부구간을 바라보는 방향으로 작업 진행 단부구간 끝단쪽 작업시 안전고리를 체결한다,3,4,12,중,,N,,현장반영후보,Y,최초위험성평가_운정아이파크포레스트 (1).xls
RA-E20-578078B963,N,에이치디씨현대산업개발,전기정보통신 / 피뢰및접지공사,접지공사(골조),슬라브 벽체 접지,말비계 상부에서 양측방향으로 이동시 말비계 끝단부분을 인식하지 못하여 추락위험,떨어짐,말비계 끝단부는 낙상경보장치를 설치한다 안전고리를 벽체 철근에 체결 후 작업,4,5,20,상,,N,,현장반영후보,Y,최초위험성평가_운정아이파크포레스트 (1).xls
RA-E20-2CCD9A5B40,N,에이치디씨현대산업개발,전기정보통신 / 피뢰및접지공사,접지공사(골조),슬라브 벽체 접지,말비계 상부작업시 중심을 잃고 추락,떨어짐,말비계는 발판 400mm이상 사용 안전고리를 벽체 철근에 체결 후 작업,4,5,20,상,,N,,현장반영후보,Y,최초위험성평가_운정아이파크포레스트 (1).xls
RA-E20-81DA8E920A,N,에이치디씨현대산업개발,전기정보통신 / 피뢰및접지공사,접지공사(골조),"락카스프레이 , 청테이프 입상철근 마킹",말비계 승.하강 시 발걸림으로 인한 추락위험,떨어짐,"1. 개인보호구 착용하여 안전고리 체결 후 안전작업 2. 낙상경보기 , 미끄럼방지 테이프 부착하여 작업자 추락방지 3. 추락방지시설 미설치 , 안전고리 미체결 작업자 주의경고 및 작업제한",3,4,12,중,,N,,현장반영후보,Y,최초위험성평가_운정아이파크포레스트 (1).xls
RA-C20-95A99CBA08,N,에이치디씨현대산업개발,전기정보통신 / 피뢰및접지공사,접지공사(골조),ELP배관 관로 작업 (터파기 및 되메우기),바닥정리를 위해 작업자 이동시 통행로 미설치로 경사로 이동중 발을 헛디디며 전도,넘어짐,1.터파기 하부 이동 통행로 설치(계단형) 및 난간대 설치 및 관리 2.전용 통행로 외 구간은 토사다이크 및 안전시설물 설치하여 출입 통제,3,4,12,중,,N,,현장반영후보,Y,최초위험성평가_운정아이파크포레스트 (1).xls
RA-E20-6F456921DD,N,에이치디씨현대산업개발,전기정보통신 / 피뢰및접지공사,접지공사(골조),슬라브 벽체 접지,사다리 사용시 사다리 전도사고위험,넘어짐,사다리 사용시 아웃트리거 4개소 고정 후 2인1조 작업,4,5,20,상,,N,,현장반영후보,Y,최초위험성평가_운정아이파크포레스트 (1).xls
RA-E20-BA652980A9,N,에이치디씨현대산업개발,전기정보통신 / 피뢰및접지공사,접지공사(골조),슬라브 벽체 접지,사다리 사용시 작업자 추락위험,넘어짐,사다리 사용 작업자는 안전벨트 착용 및 상부구조물에 안전고리 체결 후 작업,4,5,20,상,,N,,현장반영후보,Y,최초위험성평가_운정아이파크포레스트 (1).xls
RA-C20-BB6AAB567C,N,에이치디씨현대산업개발,전기정보통신 / 피뢰및접지공사,접지공사(골조),ELP배관 관로 작업 (터파기 및 되메우기),사면 정리 및 다짐 작업중 굴삭기 안전핀을 체결하지않고 작업중 운전 조작 오류로 버켓 탈락에 의한 굴착면 하부 이동 및 작업중이던 근로자에 낙하하여 맞음,맞음,1.담당 관리감독자는 작업 전 버켓 안전핀 체결 및 식별띠 부착 상태를 점검 2.작업 간 안전핀 및 식별띠 부착 상태를 오전/오후 점검 실시,4,5,20,상,,N,,현장반영후보,Y,최초위험성평가_운정아이파크포레스트 (1).xls
RA-E20-E7D4EC1F82,N,에이치디씨현대산업개발,전기정보통신 / 피뢰및접지공사,접지공사(골조),접지 작업,"슬라브 철근 위, 박리제 바른 폼 위, 미끄러운 흙길 보행시 전도위험",넘어짐,철근 및 지장물에 바지 밑단이 걸리지 않도록 각반 필히 착용하여 보행한다. 흙길 작업 시 안전장화 지급,2,3,6,하,,N,,현장반영후보,Y,최초위험성평가_운정아이파크포레스트 (1).xls
RA-E20-A12B9D4473,N,에이치디씨현대산업개발,전기정보통신 / 피뢰및접지공사,접지공사(골조),벽체 접지케이블 결선,압착기 사용시 압착기에 손가락과 같은 작업자의 신체가 끼임 사고위험,끼임,압착기 사용시 압착이 되는 부분에 손을 멀리하고 작업( 작업전 교육),3,4,12,중,,N,,현장반영후보,Y,최초위험성평가_운정아이파크포레스트 (1).xls
RA-C20-A3DEFA44F1,N,에이치디씨현대산업개발,전기정보통신 / 피뢰및접지공사,접지공사(골조),"접지판,접지동봉 등 매설 및 연결",압착기에 압착슬리브와 접지선을 연결을 위한 압착시 압착기에 손가락이 끼여 상해 위험,끼임,압착기 사용시 압착이 되는 부분에 손을 멀리하고 작업( 작업전 교육),3,4,12,중,,N,,현장반영후보,Y,최초위험성평가_운정아이파크포레스트 (1).xls
RA-E20-4BCA8F4417,N,에이치디씨현대산업개발,전기정보통신 / 피뢰및접지공사,접지공사(골조),"피뢰도선, 피뢰침 설치","옥상층,옥탑층 단부작업 시 추락위험",떨어짐,"1. 개인보호구 착용하여 안전고리 체결 후 안전작업 2. 안전난간대 , 안전로프 설치하여 단부 작업자 추락방지 3. 관리감독자 상주하여 안전조치 확인 후 작업",4,5,20,상,,N,,현장반영후보,Y,최초위험성평가_운정아이파크포레스트 (1).xls
RA-C20-5793F958BA,N,에이치디씨현대산업개발,전기정보통신 / 피뢰및접지공사,접지공사(골조),"접지판,접지동봉 등 매설 및 연결",유압압착기 사용 시 손가락 끼임 위험,끼임,"1. 개인보호구 착용하여 신체보호 2. 해당작업 숙련된 전공 배정 후 공도구 사용 지시 3. 작업 전 공도구 점검 및 이상유무 판단,조치",3,4,12,중,,N,,현장반영후보,Y,최초위험성평가_운정아이파크포레스트 (1).xls
RA-E20-10DC742C88,N,에이치디씨현대산업개발,전기정보통신 / 피뢰및접지공사,접지공사(골조),피뢰 및 접지 자재반입,"자재운반 시 전도, 작업자 부주의",부딪힘,1. 개인보호구 착용하여 신체보호 2. 이미지휀스 설치 및 자재야적장 구획 3. 사전 작업허가승인 및 장비점검,2,3,6,하,,N,,현장반영후보,Y,최초위험성평가_운정아이파크포레스트 (1).xls
RA-C20-C9CE2DBD79,N,에이치디씨현대산업개발,전기정보통신 / 피뢰및접지공사,접지공사(골조),ELP배관 관로 작업 (터파기 및 되메우기),작업 간 연약지반 및 지반정지 상태 불량으로 인한 전도,넘어짐,작업 전 지반상태 점검 및 불량구간은 즉시 정지작업 실시,3,4,12,중,,N,,현장반영후보,Y,최초위험성평가_운정아이파크포레스트 (1).xls
RA-C20-76F4BFF005,N,에이치디씨현대산업개발,전기정보통신 / 피뢰및접지공사,접지공사(골조),ELP배관 관로 작업 (터파기 및 되메우기),장비 주변 신호수 미 배치 및 작업구역 미 설치에 따른 협착 충돌,끼임,1.신호수 배치 2.작업구간 경계구역 표시 및 보행자 통제,4,5,20,상,,N,,현장반영후보,Y,최초위험성평가_운정아이파크포레스트 (1).xls
RA-C20-1DCF9B5EC7,N,에이치디씨현대산업개발,전기정보통신 / 피뢰및접지공사,접지공사(골조),ELP배관 관로 작업 (터파기 및 되메우기),"장비운전원(굴착기, 스카이)과 신호수 간 신호방법 숙지 미흡인 상태에서 후진하던 장비에 신호수 충돌",부딪힘,작업 전 일정한 신호방법을 정하고 신호수의 신호업무에 따라 작업 실시 신호수는 장비와 안전거리를 확보,3,4,12,중,,N,,현장반영후보,Y,최초위험성평가_운정아이파크포레스트 (1).xls
RA-C20-A6B75F5D8E,N,에이치디씨현대산업개발,전기정보통신 / 피뢰및접지공사,접지공사(골조),ELP배관 관로 작업 (터파기 및 되메우기),장비작업 구간 장비 신호수가 장비와 근접한 위치에서 신호보던 중 장비 회전중 협착위험,부딪힘,"1.신호수는 장비와 7m이상 떨어진 곳 2.운전원 시야에서 확보된 위치(굴삭기의 정면 좌측, 11시방향)에서 신호 3.장비운전원과 무전으로 의사소통",3,4,12,중,,N,,현장반영후보,Y,최초위험성평가_운정아이파크포레스트 (1).xls
RA-E20-1F3F7D11C3,N,에이치디씨현대산업개발,전기정보통신 / 피뢰및접지공사,접지공사(골조),메쉬 접지 포설,전동드릴 구멍 타공시 과부하에 의한 손목 꺽임의 위험,근골격계질환,1.작업전 공도구 사용방법 실습 교육 및 확인 실시 2.전동드릴 공구 사용전 차동기어 작동여부를 확인후 작업에 임할것,2,3,6,하,,N,,현장반영후보,Y,최초위험성평가_운정아이파크포레스트 (1).xls
RA-E20-13D97C417B,N,에이치디씨현대산업개발,전기정보통신 / 피뢰및접지공사,접지공사(골조),접지 작업,접지 작업 중 나동선 포설시 무거운 전선을 옮기다 생길 수 있는 근골격계 질환,근골격계질환,작업 전 스트레칭을 실시하고 중량한 자재를 무리하게 혼자 옮기지 않으며 2인1조 로 작업,3,4,12,중,,N,,현장반영후보,Y,최초위험성평가_운정아이파크포레스트 (1).xls
RA-C20-2707F5D725,N,에이치디씨현대산업개발,전기정보통신 / 피뢰및접지공사,접지공사(골조),매설구간 땅파기,"지반다짐상태 불량, 경사로 작업 시 전도위험",넘어짐,1. 해당작업 숙련된 전공 배정 후 공도구 사용 지시 2. 토목 협의 지반다짐 작업 3. 개인보호구 착용하여 신체보호,2,3,6,하,,N,,현장반영후보,Y,최초위험성평가_운정아이파크포레스트 (1).xls
RA-E20-B57F856571,N,에이치디씨현대산업개발,전기정보통신 / 피뢰및접지공사,접지공사(골조),구조체 접지공사,철근 피치 사이 발빠짐에 의한 자상의 위험,창상 · 찔림,1.철근상부 이동시 철근 크로스에 집중하여 이동하고 발판망이 있는 곳으로 이동할것 2.철근 상부에서 절대 뒷걸음으로 이동치 말것,2,3,6,하,,N,,현장반영후보,Y,최초위험성평가_운정아이파크포레스트 (1).xls
RA-E20-F4F059A4D6,N,에이치디씨현대산업개발,전기정보통신 / 피뢰및접지공사,접지공사(골조),슬라브 바닥 접지,철근상부 이동시 넘어짐에 의한 상해 위험,넘어짐,이동시 전방시야확보가 되는 정도에서 자재 및 공구를 가지고 이동하여 넘어짐에 의한 상해위험 예방작업후 자재 정리 정돈을 철저히 하여 발걸림에 의한 넘어짐 상해위험 예방,3,4,12,중,,N,,현장반영후보,Y,최초위험성평가_운정아이파크포레스트 (1).xls
RA-E20-C846D6376B,N,에이치디씨현대산업개발,전기정보통신 / 피뢰및접지공사,접지공사(골조),"케이블 포설, 접지 케이블 슬리브 압착등",케이블 재단 후 끝단 날카로운 부위 찰과상 위험,창상 · 찔림,케이블 재단 후 끝단 날카로운 부위 테이핑 처리하여 찰과상 위험 방지,2,3,6,하,,N,,현장반영후보,Y,최초위험성평가_운정아이파크포레스트 (1).xls
RA-E20-B2730C3F07,N,에이치디씨현대산업개발,전기정보통신 / 피뢰및접지공사,접지공사(골조),슬라브 벽체 접지,핸드라인더로 철근 절단시 철근파펀으로 인한 안구 손상위험,맞음,핸드그라인거 사용시 보안경 착용 후 작업,3,4,12,중,,N,,현장반영후보,Y,최초위험성평가_운정아이파크포레스트 (1).xls
RA-E20-0BD1BE2DC7,N,에이치디씨현대산업개발,전기정보통신 / 피뢰및접지공사,피뢰도선,피뢰침 설치작업,경사진 옥탑에서 피뢰침 설치 작업 중 파이프가 굴러서 낙하위험,맞음,"1. 경사진 옥탑에서 파이프 적치 시 굴러 떨어지지 않도록 조치 2. 올려진 파이프는 즉시 설치하고, 부득이 설치가 지연될 경우 파이프가 굴러 떨어지지 않도록 파이프를 2점 이상 지지할것",3,4,12,중,,N,,현장반영후보,Y,최초위험성평가_운정아이파크포레스트 (1).xls
RA-E20-84E3BD8DA3,N,에이치디씨현대산업개발,전기정보통신 / 피뢰및접지공사,피뢰도선,피뢰침 설치작업,베이스 설치 작업 시 베이스와 구조물 사이에 손가락 등 협착,끼임,1. 베이스 설치 작업 시 2인 1조로 하여 작업 실시 2. 베이스와 구조물 사이에 손가락이 협착되지 않도록 주의,4,5,20,상,,N,,현장반영후보,Y,최초위험성평가_운정아이파크포레스트 (1).xls
RA-E20-2DE74FB124,N,에이치디씨현대산업개발,전기정보통신 / 피뢰및접지공사,피뢰도선,피뢰침 설치작업,안전대를 착용하지 않은 상태에서 옥상 단부에 접근 중 몸의 균형을 잃고 추락,떨어짐,1. 안전대 부착 설비를 설치하고 안전 고리를 체결 2. 안전대 부착 설비의 견고상태 확인,3,4,12,중,,N,,현장반영후보,Y,최초위험성평가_운정아이파크포레스트 (1).xls
RA-E20-70F2C6FB31,N,에이치디씨현대산업개발,전기정보통신 / 피뢰및접지공사,피뢰도선,피뢰침 설치작업,지선용 와이어를 연결 시 스패너로 볼트를 조일때 너무 무리한 힘을 주어 스패너가 튕겨서 낙하위험,맞음,1. 전동드릴를 이용하여 조이고 전동드릴에 탈락방지용 끈을 사용 2. 볼트를 조일때 스패너 대신 전동드릴을 이용하여 조일것.,4,5,20,상,,N,,현장반영후보,Y,최초위험성평가_운정아이파크포레스트 (1).xls
RA-E20-7659187026,N,에이치디씨현대산업개발,전기정보통신 / 피뢰및접지공사,피뢰도선,피뢰 및 접지자재 양중,타워크레인이나 이동식크레인을 이용하여 피뢰침 설치자재를 운반 중 설치자재의 결속상태가 불량하여 낙하위험,맞음,1. 타워크레인의 후크 해지장치의 작동상태 확인 2. 피뢰침 설치자재의 2점 이상 지지하고 낱개로 된 부품은 인양함을 이용하여 인양,4,5,20,상,,N,,현장반영후보,Y,최초위험성평가_운정아이파크포레스트 (1).xls
RA-E20-6BCC9627DC,N,에이치디씨현대산업개발,전기정보통신 / 피뢰및접지공사,피뢰도선,피뢰침 설치작업,"피뢰침 설치 시 수직,수평 불량에 의한 피뢰침 전도에 의한 충돌",부딪힘,"1. 피뢰침 설치 시 2개소 이상 볼트를 견고하게 조임 2. 피뢰침 설치 시 2인1조로 작업하고, 피뢰침을 베이스에 설치 시 견고하게 볼트를 조임",4,5,20,상,,N,,현장반영후보,Y,최초위험성평가_운정아이파크포레스트 (1).xls
RA-E20-A003168640,N,에이치디씨현대산업개발,전기정보통신 / 피뢰및접지공사,피뢰도선,피뢰침 설치작업,피뢰침 인하도선 케이블 외피 제거 작업 중 칼날에 베임,절단 · 베임,1. 인하도선 케이블 외피 제거 작업 시 칼날을 신체내부에서 신체외부 측으로 밀것 2. 칼날 사용방법 준수,4,5,20,상,,N,,현장반영후보,Y,최초위험성평가_운정아이파크포레스트 (1).xls
RA-E20-D6BF93D68A,N,에이치디씨현대산업개발,전기정보통신 / 피뢰및접지공사,피뢰도선,피뢰침 설치작업,피복이 손상된 핸드그라인더로 파이프를 절단하던 중 감전,전기접촉,1. 접지용 전선 사용 및 이중 절연구조인 핸드그라인더 사용 2. 핸드그라인더의 전선 피복손상유무 확인,3,4,12,중,,N,,현장반영후보,Y,최초위험성평가_운정아이파크포레스트 (1).xls
RA-E20-51E0138654,N,에이치디씨현대산업개발,피뢰침 설치 작업,지선용 와이어 연결 작업,지선용 와이어 연결 작업,작업대 미설치 상태에서 피뢰설비 설치 작업 중 추락 위험,"추락,낙하",".피뢰침 기둥 설치부를 중심으로 작업대(승강설비, 작업발판, 안전난간대) 설치",3,3,9,중,,N,,현장반영후보,Y,241204_최초위험성평가 기초자료_부현전기.xls
